mid,publish_time,user_name,user_link,content,source,wid,forward_num,comment_num,like_num,verify_typ,stance,sentiment_intensity,DEI,mean_sentiment_sq,verified_reason_count_x,verified_reason_count_y,total_lines,ratio
5.15158E+15,2025/4/4 5:39,逍遥哥哥__XiaoYao,1965565743?refer_flag=1001030103_,#Uzi妻子宣布胜诉#对此我只能说：“干得漂亮！”造谣一张嘴，辟谣跑断腿。上次我遇到类似的事情，跑了公安局好几趟，对面居然在辽宁（距离我真·十万八千里）最后公安查到对方，联系以后对面才消停。但是这次我决定走诉讼，警告已经太“轻描淡写”，虽然我知道这次可能也会艰难，不过没关系，我相信我的决定！！ 收起d, ,PlDT6x1e1,18,43,66,红V认证,正,4.85714285714286,4.79838709677419,23.5918367346939,1,1,35,.0285714285714285
5.1515E+15,2025/4/4 0:16,竞爱唠唠嗑,7491737266?refer_flag=1001030103_,#Uzi妻子宣布胜诉#炫 神全力支持uzi 妻 子，造，谣成本太低了！！ L竞爱唠唠嗑的微博视频 ​,英雄联盟超话,PlBM5bZp7,24,28,556,橙V认证,正,5,1.73333333333333,25,2,2,13,.153846153846154
5.15147E+15,2025/4/3 22:09,大脸看电竞,6822793633?refer_flag=1001030103_,#uzi妻子宣布胜诉#所以互 联 网造 谣成本太 低 了。。。4年才结束！  L大脸看电竞的微博视频  ​,英雄联盟超话,PlAWkugrr,23,45,567,红V认证,正,0,.20952380952381,0,2,2,22,.0909090909090909
5.15147E+15,2025/4/3 22:08,王玮晨,5386924056?refer_flag=1001030103_,Uzi妻子：2023年我起诉了四位造谣我的人，最终四个案子全部取得了胜利。 查了下，造谣的内容是关于她手腕纹前男友的名字。几人因为一时口嗨也是付出了惨痛的代价。#Uzi妻子宣布胜诉# ​, ,PlAWcoYFg,11,235,1131,红V认证,正,9,-.895833333333333,81,2,2,43,.0465116279069767
5.15147E+15,2025/4/3 22:07,英雄联盟神吐槽,5679399630?refer_flag=1001030103_,Uzi妻子奥咪咪公布起诉造谣者结局：4个案子全部胜利，想让大家知道互联网不是法外之地！此前 Uzi妻子奥咪咪被多个平台网友疯狂造谣黑历史，忍无可忍的奥咪咪在23年前通过法律程序起诉了部分网友结尾奥咪咪还表示会继续抓造谣者，且拒不和解！#奥咪咪胜诉# ​,英雄联盟超话,PlAVD376G,116,299,698,红V认证,正,9,-2.41228070175439,81,3,3,25,.12
5.15147E+15,2025/4/3 21:59,吃瓜的空白,7319398430?refer_flag=1001030103_,Uzi妻子公布起诉结果，四个造谣案件全部胜诉！网络不是法外之地，口嗨也是要付出代价的，发言需谨慎呀哥们#Uzi妻子宣布胜诉# L吃瓜的空白的微博视频  ​,英雄联盟超话,PlASqqvr3,15,18,731,红V认证,正,5,1.33333333333333,25,0,0,12,0
5.15145E+15,2025/4/3 21:08,鑨髰王叁,6019625657?refer_flag=1001030103_,#Uzi妻子胜诉# 维权胜利，真的不容易，造谣一张嘴，辟谣跑断腿，一年半维权，可是造谣呢，几分钟的事，太不对等了。这种能赔多少？一封道歉感觉就完事了，唉 ​,高级外卖鉴赏师,PlAxx3Lop,14,30,44,橙V认证,正,5.5,1.25,30.25,13,13,20,.65
5.15142E+15,2025/4/3 19:09,琴女你怎么骂人啊,2647887797?refer_flag=1001030103_,Uzi妻子：2023年起诉的四个案子全部胜诉#Uzi妻子公布起诉结果# 英雄联盟超话 ​,英雄联盟超话,PlzLn0iKZ,12,24,279,红V认证,正,7,.647727272727273,49,0,0,19,0
5.15142E+15,2025/4/3 18:49,召唤师Park,2522098777?refer_flag=1001030103_,就在刚刚Uzi妻子婷婷公布了起诉结果，四个案子全部胜诉。起因是有网友造谣Uzi妻子的过去，后者及时搜集证据，寻求法律裁决，最终得偿所愿。Uzi妻子：这场辱骂和造谣已经持续了八年，我想以后还是会继续下去，但是没关系，因为我的生活没有因为这些遭受一丁点的影响，反之我的抗压能力是从未有过的强，在被造谣辱骂难过时，我时常会看看我的身边人，我有一个超级爱我信任我的老公，有一双非常爱我像朋友一样的父母，有一堆真心交换的朋友，有一个超级可爱的儿子，我何必要把时间浪费在你们这些陌生人的口舌之中。#Uzi妻子公布起诉结果#  收起d,召唤师Park超话,PlzD4CtD6,81,1015,12675,红V认证,正,9,-.590360122968819,81,12,12,283,.0424028268551236
5.15158E+15,2025/4/4 5:39,逍遥哥哥__XiaoYao,1965565743?refer_flag=1001030103_,#Uzi妻子宣布胜诉#对此我只能说：“干得漂亮！”造谣一张嘴，辟谣跑断腿。上次我遇到类似的事情，跑了公安局好几趟，对面居然在辽宁（距离我真·十万八千里）最后公安查到对方，联系以后对面才消停。但是这次我决定走诉讼，警告已经太“轻描淡写”，虽然我知道这次可能也会艰难，不过没关系，我相信我的决定！！ 收起d, ,PlDT6x1e1,18,43,66,红V认证,正,4.85714285714286,4.79838709677419,23.5918367346939,1,1,35,.0285714285714285
5.1515E+15,2025/4/4 0:16,竞爱唠唠嗑,7491737266?refer_flag=1001030103_,#Uzi妻子宣布胜诉#炫 神全力支持uzi 妻 子，造，谣成本太低了！！ L竞爱唠唠嗑的微博视频 ​,英雄联盟超话,PlBM5bZp7,24,28,556,橙V认证,正,5,1.73333333333333,25,2,2,13,.153846153846154
5.15147E+15,2025/4/3 22:09,大脸看电竞,6822793633?refer_flag=1001030103_,#uzi妻子宣布胜诉#所以互 联 网造 谣成本太 低 了。。。4年才结束！  L大脸看电竞的微博视频  ​,英雄联盟超话,PlAWkugrr,23,45,567,红V认证,正,0,.20952380952381,0,2,2,22,.0909090909090909
5.15147E+15,2025/4/3 22:08,王玮晨,5386924056?refer_flag=1001030103_,Uzi妻子：2023年我起诉了四位造谣我的人，最终四个案子全部取得了胜利。 查了下，造谣的内容是关于她手腕纹前男友的名字。几人因为一时口嗨也是付出了惨痛的代价。#Uzi妻子宣布胜诉# ​, ,PlAWcoYFg,11,235,1131,红V认证,正,9,-.895833333333333,81,2,2,43,.0465116279069767
5.15147E+15,2025/4/3 22:07,英雄联盟神吐槽,5679399630?refer_flag=1001030103_,Uzi妻子奥咪咪公布起诉造谣者结局：4个案子全部胜利，想让大家知道互联网不是法外之地！此前 Uzi妻子奥咪咪被多个平台网友疯狂造谣黑历史，忍无可忍的奥咪咪在23年前通过法律程序起诉了部分网友结尾奥咪咪还表示会继续抓造谣者，且拒不和解！#奥咪咪胜诉# ​,英雄联盟超话,PlAVD376G,116,299,698,红V认证,正,9,-2.41228070175439,81,3,3,25,.12
5.15147E+15,2025/4/3 21:59,吃瓜的空白,7319398430?refer_flag=1001030103_,Uzi妻子公布起诉结果，四个造谣案件全部胜诉！网络不是法外之地，口嗨也是要付出代价的，发言需谨慎呀哥们#Uzi妻子宣布胜诉# L吃瓜的空白的微博视频  ​,英雄联盟超话,PlASqqvr3,15,18,731,红V认证,正,5,1.33333333333333,25,0,0,12,0
5.15145E+15,2025/4/3 21:08,鑨髰王叁,6019625657?refer_flag=1001030103_,#Uzi妻子胜诉# 维权胜利，真的不容易，造谣一张嘴，辟谣跑断腿，一年半维权，可是造谣呢，几分钟的事，太不对等了。这种能赔多少？一封道歉感觉就完事了，唉 ​,高级外卖鉴赏师,PlAxx3Lop,14,30,44,橙V认证,正,5.5,1.25,30.25,13,13,20,.65
5.15142E+15,2025/4/3 19:09,琴女你怎么骂人啊,2647887797?refer_flag=1001030103_,Uzi妻子：2023年起诉的四个案子全部胜诉#Uzi妻子公布起诉结果# 英雄联盟超话 ​,英雄联盟超话,PlzLn0iKZ,12,24,279,红V认证,正,7,.647727272727273,49,0,0,19,0
5.15142E+15,2025/4/3 18:49,召唤师Park,2522098777?refer_flag=1001030103_,就在刚刚Uzi妻子婷婷公布了起诉结果，四个案子全部胜诉。起因是有网友造谣Uzi妻子的过去，后者及时搜集证据，寻求法律裁决，最终得偿所愿。Uzi妻子：这场辱骂和造谣已经持续了八年，我想以后还是会继续下去，但是没关系，因为我的生活没有因为这些遭受一丁点的影响，反之我的抗压能力是从未有过的强，在被造谣辱骂难过时，我时常会看看我的身边人，我有一个超级爱我信任我的老公，有一双非常爱我像朋友一样的父母，有一堆真心交换的朋友，有一个超级可爱的儿子，我何必要把时间浪费在你们这些陌生人的口舌之中。#Uzi妻子公布起诉结果#  收起d,召唤师Park超话,PlzD4CtD6,81,1015,12675,红V认证,正,0,-.590360122968819,0,12,12,283,.0424028268551236
4.90492E+15,2023/5/24 13:58,川北小哥,1565193811?refer_flag=1001030103_,【#小慧君因虚构性骚扰被罚5万元少吗#】近日，千万网红小慧君为解约虚构被老板性骚扰，最终被法院判罚5万元并道歉，引发网友热议。网友表示：判罚5万元的结果，对造谣者来说太轻了。这种虚构性骚扰，透支了大众对受害者的信任，让真正受到侵害的女性的求助路更加艰难。你如何看待小慧君因虚构性骚扰被罚5万元？@五环短视频   L五环短视频的微博视频 收起d,SVIP推荐官,N2427ee52,120,99,106,红V认证,正,4.6,0,21.16,5,5,69,.072463768115942
4.90426E+15,2023/5/22 18:20,好废的布偶猫,7773428955?refer_flag=1001030103_,#小慧君虚构性骚扰后2年涨粉900万#曾经毁掉一个女人最快的方式是别人陷害她。现在成就一个女人最快的方式是她自己陷害自己。“怎么会有女孩子会用自己的清白诬陷别人”，涨粉900万啊！诬了就是大把的2B粉丝，大笔的礼物，接到手软的商单，这简直就是几千年来最有利于女性的时代了！傻子才不诬呢！！  收起d,HUAWEI P60 Pro,N1MTlrNrE,50,37,554,黄V认证,正,9,-.73015873015873,81,0,0,23,0
4.90421E+15,2023/5/22 15:09,2049年的世界,1158166641?refer_flag=1001030103_,#法院认定小慧君虚构性骚扰# 算算这五年吧，写小作文最后反转的，比例大概有多少，大家心里应该也有个数。那这就有个问题了，这可能意味着以下两种情况之一：1、现实中女性遭遇的性骚扰的情况非常稀少，因此反应到网络上，诬告比例很高。2、现实中女性遭遇的性骚扰并不少，甚至很多都不为人知。但是由于另外一批“深谙网络传播”的人士敏锐地将原有的“女孩子不可能拿自己的清白开玩笑”的原有社会共识快速消耗并为自己“变现”了。从而迅速抢占了原本应该是为性骚扰受害者而留下的舆论资源。那么到底是哪一种呢？这种“发现原有社会共识是无主公有财产——>迅速将其私有化抢占变现——>消耗殆尽留下一地鸡毛——>真正需要这种社会共识的反而拿不到”的状况，是符合你的利益的吗？以前每次这类事情出来，都有一批人选择“我下次还会无条件选择相信站出来的女性”的暧昧姿态，而不是对这种行为做坚决的批判和指出其“表面女权，实则雌竞”的本质。没错，这本质还真是“雌竞”。现有的两性社会共识是过去多少年来积累的，就像亿万年才形成的煤炭矿产那样。进入到全民网络时代之后，有人突然敏感地发现——哎，这是一大块无主资源啊！过去没法挖，现在谁抢了算谁的，抢完了就没了啊。所以这才是为什么，明明现实中性骚扰的情况并不稀少，但反映到网络热搜事件上，反转这么多的原因——我就是冲着这矿来的啊！总有少数女性傻乎乎觉得：同为女性，我得支持这些“敢于发声的姐妹”，不管她是真的假的，都是为女性发声。这就是被卖了还帮着数钱了。这种发声不但不会拓展你的空间，反而是在压缩全体女性的空间。它是在挖原本公有的社会共识墙角，当“女孩子不可能拿自己的清白开玩笑”的共识矿产资源在“雌竞”中被私有化变现挖完了，原本该被这种公有资源所保护的人，将变得更加艰难。 收起d,微博网页版,N1LE39q6z,129,191,1695,红V认证,正,9,-1.22348484848485,81,1,1,57,.0175438596491228
4.90421E+15,2023/5/22 14:39,戴雨潇Dai,1686096655?refer_flag=1001030103_,#法院认定小慧君虚构性骚扰# 这个案子很简单：女网红刘聪慧想跳槽去别的公司，但不想付违约金，于是就诬告老板性骚扰。老板奔走两年多，花了几十万打官司，公司也倒闭了，最终总算发现女网红在微信群直接策划性骚扰的证据，沉冤得雪。结果女网红只用赔5万元，而且至今不认错。可见诬告真是门一本万利的好生意。其实我国《刑法》有一条叫【诬告陷害罪】：捏造事实诬告陷害他人，意图使他人受刑事追究，情节严重的，处三年以下有期徒刑、拘役或者管制；造成严重后果的，处三年以上十年以下有期徒刑。该罪属于非自诉罪，当事人不提告，检察机关也应发起公诉。法律条文是这么写的，但现实呢？过去几年跳出来的各种小丑——周晓璇（弦子）、世界自然基金会王琪、裴鑫（春秋两不沾）、罗冠军前女友梁颖、韩某某（李星星）、清华「腚姐」唐靖、马金瑜、阿里周莉、大连海事王莹莹、霍尊前女友陈露、明州仙人跳刘静尧、史航的一大坨前女友……她们没有一人因诬告被公诉，也没有一人因诬告坐了一天牢。其中不少诬告犯通过炒作自己杜撰的「悲惨经历」赚得盆满钵满，甚至还能得到各种境内外女权NGO的赞助。既然诬告成本如此之低、收益又如此高，何乐而不为？检察机关对诬告陷害的行为置若罔闻，必然导致此等恶劣事件层出不穷。这不仅会导致越来越多的被诬告者蒙受冤屈，同时也会严重透支社会对女性整体的信任和同情，损害那些真正受到侵害的女性的权益。最后造成两性对立、人人自危的恶劣后果。依法治国不能成为一句空话。 收起d,iPhone 13 Pro,N1LrEzQgR,334,115,1377,红V认证,正,9,-.221343873517787,81,8,8,56,.142857142857143
4.9042E+15,2023/5/22 14:26,伯阳先生-段本司,6232023735?refer_flag=1001030103_,#法院认定小慧君虚构性骚扰# 我觉得还有这个大学老师比较惨双一流大学的年轻教师被诬告性侵因为没办法快速自证清白被学校停课两年时间科研、学术、教学全部终止收入归零且现在大学非升即走的机制基本上也代表了他职业生涯被完全切断结果在两年多之后经过他自己的努力和无数正义群众的帮助花了几十万律师费、诉讼费用赢了官司终于他沉冤昭雪正义的法官判处诬告者赔偿他  5000元精神损失费而驳回了受害者关于律师费、误工费、诉讼费等等一系列其它经济损失的诉求于是乎诬告者用五千块的代价消灭了一个双一流大学年轻教授的职业生涯并把他的一生钉在了耻辱柱上 收起d,微博网页版,N1Lmz0XG0,226,119,1689,红V认证,正,9,-1.65091463414634,81,2,2,57,.0350877192982456
4.9042E+15,2023/5/22 14:05,卢诗翰,3276099007?refer_flag=1001030103_,#法院认定小慧君虚构性骚扰# 小慧君案在舆论传播上的对比实在太典型了第一波，小慧君为解约诬告老板性骚扰，瞬间全网过亿阅读量，怒提十个热搜，各路大V媒体也下场批判，这个大家应该都有印象。第二波，出现转折，发现是诬告后，热度立马消散。今年1月，被老板的老板孙灏羽在网上晒出法院判决书，这个够硬了吧，足够有说服力了吧？比小作文要实在一万倍吧？传播量是多少呢？没有热搜，没有话题，没有报道到今天转发数也才1182个甚至我4月份说这事的时候，当时是小慧君发布道歉视频，我这边已经算吃瓜群众聚集地了，很多人还是不知道。可见真相传播力度极其有限。第三波，根据法院判决，平台封禁小慧君账号了，然后很多人才终于反应过来，咦，怎么小慧君被封号了？再然后一堆人去搜原因，才终于发现，哦，原来当时居然是诬告！这个话题才终于冲上热搜最讽刺的就在这里，相比最初的诬告传播力度，真相水落石出的时候，舆论根本没有传播，大家也根本不知道。非得要把当事人封号了，大众才会感知到。咦，怎么人没了，才会去搜原因。未来各种诬告案要如何澄清真相，我相信许多人应该会受到启发。 收起d,微博网页版,N1LdQAIx4,832,603,13645,红V认证,正,9,-.864197530864197,81,17,17,252,.0674603174603174
4.90419E+15,2023/5/22 13:16,鲁班七少,3411224244?refer_flag=1001030103_,#法院认定小慧君虚构性骚扰# “女孩子不会用自己的清白去诬陷他人”放在当今社会不适用了，因为所谓的“清白”已经成了一些女性达到自己目的的有效手段。不管诬陷成不成功，男性最低限度会社死，而女性是没有任何损失的，有个别的甚至“受害者”还是进娱乐圈的“敲门砖”。有了“受害者”身份都不用上学直接出道，这种事一般有良知有底线的女性不会干，但对于部分唯利是图的女性来说就是大捷径。所以有良知有底线的女性不要随便用你们自己的做人标准去看那些不择手段捞钱的女性，不看证据，无原则“girls help girls”，自我感动，事实上你不过是这些女的捞钱的工具人而已 收起d,华为手机,N1KUfy4hZ,35,13,173,黄V认证,正,9,-2.1,81,0,0,7,0
4.90418E+15,2023/5/22 12:46,暴食症患者李舜生,7217947278?refer_flag=1001030103_,呃，难道没有证据就不会性骚扰了吗#法院认定小慧君虚构性骚扰# ​,小黑紫YYDS,N1KHPrDXB,123,227,2961,红V认证,正,9,-.784688995215311,81,1,1,82,.0121951219512195
4.90417E+15,2023/5/22 11:55,科技事儿,5236032763?refer_flag=1001030103_,小慧君事件带来的恶劣影响分析：1，使得真正的职场性骚扰维权越来越难，小慧君，弦子诬告朱军性骚扰等狼来了事件，让职场性骚扰维权环境越来越糟；2，小慧君前东家赤度娱乐基本黄了，还让老板孙灏宇成了人人喊打的过街老鼠。为了证明自己的清白，孙灏宇使尽浑身解数，往后估计还要背着恶名；3，愚弄大众，疯狂吸粉，把网友骗的团团转，自己赚盆满钵满。官司结果都甩脸上了，还有一堆在给她说话。看看都输出了什么价值观。4.为了一己私利滥用公众平台带节奏，煽动网友网暴他人，这是在利用公众的同情心和正义感。5，践踏了法律尊严，违约跳槽去了别的MCN公司的小慧君和巧乐兹夫妻俩的目的无外乎不想支付违约金，顺便借此报复一波。如果让这种人成功了，以舆论裹挟法律，那法律没有公正可言。#法院认定小慧君虚构性骚扰# 收起d,红魔8 Pro+氘锋透明版,N1Kn5a30I,502,600,7804,红V认证,正,0,-1.16013071895425,0,4,4,142,.028169014084507
4.90416E+15,2023/5/22 11:37,凯雷,1496883514?refer_flag=1001030103_,#巧乐兹夫妇#小慧君和巧乐兹夫妇在群里密谋曝光———他的代价很高，但他值得佩服——花了几十万律师费公证费，打了一年多两年官司，公司破产，获赔5万。 看这个网红圈截图真是狇瞪狗呆，这个老板名字叫什么？——抖音当严打不实信息，注意看蒙淇淇的评论区，又是谁，抖音不当充当保护伞，其涉嫌犯罪，撺掇网红编造不实信息，当尽快全网封号。 【人民热评：网红小慧君虚构性骚扰被封号，合理合法！】拥有千万“粉丝”的网红小慧君被封号了！据报道，近日，拥有千万“粉丝”的网红小慧君被封号引发网友热议，疑因不履行法院判决。此前，刘某慧（小慧君）发视频哭称被老板孙灏羽性骚扰并强迫她签订含有霸王条款的合作协议。法院审判显示，小慧君等人为实现“低成本”解约目的，虚构被老板性骚扰。机关算尽太聪明，最终里外不是人。根据判决书可知，小慧君除了向公司赔偿5万元，还要承担原告方律师费，如今连账号都被封，代价不可谓不重。投机取巧走歪路，偷鸡不成蚀把米，真是何苦来哉。不得不承认，小慧君精于算计，深谙网络传播之道，虚构事实利用舆论施压公司，蒙蔽了不明真相的网友，起初确有效果。但她低估了法律的尊严，低估了受害方的维权决心，也低估了广大网友的辨别力。细看小慧君的造假、造谣手段，构思可谓“精密”，此人有一定的演技。无论拿所谓的被性骚扰说事，还是向网上投放相关视频，无论卖惨，还是把自己打扮成正义人士——公开发声是希望不要有更多的人被骗，乃至拉同事助阵、让同事现身声援，每一步都工于心计，都戳中当前的舆论传播要点。但是，假的毕竟是假的，绑架舆论是不可能时时得逞的。如今，法院判决结果出来了，小慧君被网友唾弃，身败名裂。此事带给人们的思索是，网上一些所谓的卖惨，并不靠谱；一些所谓的指证，暗藏玄机。如果网友头脑一热，轻易相信，就会被牵着鼻子走，沦为工具。面对耸动人心的剧情，要保持理性，让子弹飞一会。小慧君事件可怕之处在于，她让网友陷入了“狼来了”的思维困境。举个例子，当网友真正遇到了性骚扰，她们在网上求助时，网友就会打个问号，满怀狐疑。由此可知，小慧君拿所谓的被性骚扰来炒作，不仅伤害了受害者的权益，无形之中也给那些真正需要维权的人造成不良影响，这是其可恶之处。据报道，面对法院判决，小慧君等人到目前为止，仍未履行法院判决中公开赔礼道歉的判罚。受害者表示，将以个人名义继续起诉小慧君以及在群聊内协助其造谣诽谤的人。依法维权，让小慧君承担应有的法律代价。小慧君事件也给相关人员带来警示，千万不要弄虚作假，不能造谣诽谤，不能动辄绑架网友的情绪，不要消费大家的善良。偷奸耍滑，心怀叵测，也许可以得逞于一时，确不可能得益于一世。遵纪守法，谨言慎行，维护良好的网络生态，这是最基本的底线要求。 收起d,iPhone 7 Plus,N1KfQEPPf,26,13,119,红V认证,正,0,-2.1,0,3,3,7,.428571428571428
4.90416E+15,2023/5/22 11:36,拆台CT,6059492811?refer_flag=1001030103_,#孙灏羽将继续起诉小慧君巧乐兹夫妇# 看了下当事人的最新发声。除了当前的判决结果外，他还将起诉小慧君、等5人，包括群里的一名律师。以诽谤罪的名义。诽谤罪这块一般都是自诉，即告诉的才处理。孙灏羽此前也曾以诽谤罪为由起诉，但被法院以管辖地为由驳回了。现在显示IP属地了，他又捡起了最初的起诉。但愿他能凯旋吧。L拆台CT的微博视频 收起d,微博视频号,N1KfCtTu9,17,20,287,红V认证,正,4.5,4.33333333333333,20.25,0,0,13,0
4.90416E+15,2023/5/22 11:36,左拆家,7466623903?refer_flag=1001030103_,#法院认定小慧君虚构性骚扰#“没有女孩子会拿自己的清白开玩笑”这句话又变味了，最不理解的是很多姑娘还会站在她和巧乐兹那边，她们这种前人砍树后人晒死的做法，不是在伤害全体女性的权益么？以后真有人被XSR了，谁还去信？现在是小作文不好使，眼瞅着举身份证也快不好使了，看来以后都得去剖腹数粉才行 收起d,iPhone SE,N1KfsnPdu,34,64,894,橙V认证,正,9,-1.92592592592593,81,3,3,36,.0833333333333333
4.90415E+15,2023/5/22 10:55,陈哥说,1912299425?refer_flag=1001030103_,如果这件事没有出现真相反转：小慧君看着粉丝已迈入千万，得意的笑容再也难掩，因为刚刚她收到了某电视台节目邀请，想让她做一期“关于女性如何保护自己避免性骚扰”，这台节目邀请了很多名人，有弦某、某笠、某露、李靓某、董某，林心某，边潇某等等。看到堪称豪华阵容的小慧君内心深处无法平静，这可是她迈向新台阶的至关重要一步，“女性代表”“Cos女神”“变装女王”等头衔相拥而至，这一刻小慧君终于达成了儿时的梦想，可就在这时，她看到了前老板孙灏羽发布的新作品：#巧乐兹夫妇# 收起d,iPhone客户端,N1JYMr5js,17,25,536,黄V认证,正,4.5,.844444444444445,20.25,5,5,19,.263157894736842
4.90415E+15,2023/5/22 10:53,温州土老板,6453094112?refer_flag=1001030103_,这几年我看了太多MCN和旗下网红互撕，多数是为了利益，少数是为了初心！其他的原因就五花八门了！MCN公司在签博主的时候，往往是博主商业价值最低的时候，他们看的案例多了，所以能预判博主几年后的商业价值。优秀的自媒体博主，未必都是圆滑的生意人，所以他们早期的合同往往都是很被动的。要么就是低估了自身账号未来2-3的商业价值，要么就是陷入了合同陷阱，有种卖了还在替老板数钱的感觉。谁心里还没有个小九九账，时间积累的长了问题肯定会爆发。像今天热搜这样的情况还是少见的，为了解约什么招都敢用啊，借助身份和舆论直接把老板公司都整黄了。#法院认定小慧君虚构性骚扰# 我看文案怎么写舆论怎么引导，给老板扣什么帽子坐实什么身份，请线上网红朋友助攻，全部都是定好运营计划的，想想就吓人。去年我身边有位做护肤的朋友，她在小红书上内容做的很好了，每个月接商单就有小10万的利润。后台每天都有十几位MCN公司商务来找她。想邀请她加入公司，给流量，给扶持，给商单。我就劝她说没有必要啊，本身就是一个很好的IP了，真想做的好一点线上请2位好一点的助手，做好详细的运营计划，把内容做深，把粉丝做多，业绩同样是可以增长的。自媒体上延伸出来的商业，小而美和夫妻档模式是最舒服的。 收起d, ,N1JXWrN1x,17,13,105,橙V认证,正,4.4,1.5,19.36,2,2,6,.333333333333333
4.90415E+15,2023/5/22 10:53,升值计,6865647547?refer_flag=1001030103_,#没有一个女孩子会拿自己的清白诬告别人#前几年产生的一个经典谎言是，没有一个女孩子会拿自己的清白诬告别人。我觉得说这句话的人要么是蠢，一张白纸，太无知，对人性一无所知，要么就是纯粹的坏，揣着明白装糊涂。在利益面前，没有人能抗住诱惑，男人不会例外，当然女孩子也不会例外，假设有一个绝对清白的人群，而且几乎占世界总人口一半的人群，这是不符合的科学的。这几年，也被频频打脸，朱军当年的性骚扰，就已经证明了，女孩子不仅不会更清白，而且诬告人也一点下限没有。也不过是再次证明，小作文控诉性骚扰，完全可能是一个工具，一个一本万利的工具，只要随便指证一个人性骚扰，就能让人社会性死亡，上到全国知名的央视名人，下到一个公司小老板，都可能造成几十万乃至九位数十位数的损失，而只用一个根本可能不存在的「女孩子的清白」，这种事情太具有诱惑性了。 收起d,微博网页版,N1JXR6Bo8,21,16,93,橙V认证,正,9,-1.16666666666667,81,0,0,7,0
4.90415E+15,2023/5/22 10:46,圈内容嬷嬷,6624782994?refer_flag=1001030103_,#法院认定小慧君虚构性骚扰# 此前，千万网红（小慧君）刘某慧发视频哭被老板孙灏羽性骚扰并强迫她签订含有霸王条款的合作协议，同时指控孙灏羽骚扰公司多位女艺人，网红姚某杰（巧乐兹夫妇）等多人本转发支持。现在法院判决，认定刘某慧、姚某杰为实现“低成本”解约目的，虚构孙灏羽性骚扰的短视频，想用舆论施压。 L圈内容嬷嬷的微博视频 收起d,容嬷嬷俱乐部超话,N1JVgEkCm,64,150,575,红V认证,正,9,-.440816326530612,81,17,17,84,.202380952380952
4.90415E+15,2023/5/22 10:44,顽皮的郭贝勒,6094785552?refer_flag=1001030103_,又挑起性别对立，又堵上维权道路，等于把男女都伤了。对女性而言，不是所有的骚扰，都能取证维权，所以也在提倡，主观感受和自述。但现在这么做，等于打回原形，你没录像，就是作文。设身处地的想，在办公室里，老板的侵犯。在密集场所，突然摸一把。这种都很难取证，有的面对强权，敢举报走人，它关系硬，反而还能升职。对男性而言，一个作文，几张截图，成了伤人利器。说没有女生，会牺牲清白，然后靠舆论定罪，最次也能搞臭你，赚点流量去带货。这其实伤害的，是需要维权的，和帮助维权的。利用了善良，造成了对立，更煽动了情绪。整个社会，都在负担成本，越来越恶化。善良被利用多了，很容易麻木疲软，最后都隔岸观火，反而帮不到需要的人。真正可悲的，就在于此，没帮到需要的，反而助长了歪风邪气。#孙灏羽将继续起诉小慧君巧乐兹夫妇#   收起d, ,N1JUl6E5l,12,30,161,橙V认证,正,9,-4.13636363636364,81,1,1,13,.0769230769230769
4.90415E+15,2023/5/22 10:33,宁波打的用户忙,2721651883?refer_flag=1001030103_,【#法院认定小慧君虚构性骚扰#】网 络 不 是 法 外 之 地，造 谣 性 骚 扰，不 仅 是 对 被 造 谣 者 的恶 意 中 伤，更 是 对 所 有 遭 受 过 真 实 性 骚 扰 的 女 性 的 玷 污，这 种 风 气一 旦 助 长，那 么 那 些 拉 男  女 对 立 的 人 会 更 加 肆 无 忌 惮，所 以 被 封 号 真 是 大 快 人 心，至 于 背 后协 同 的，教 唆 的，合 谋 的，都 该 一 并 处 理，该 封 的 封，该 判 的 判，还 网 络 一 个清 朗！ L北仑头条的微博视频 收起d,微博视频号,N1JPZgbWT,16,221,182,黄V认证,正,5,.975556997620593,25,182,182,205,.88780487804878
4.90414E+15,2023/5/22 10:26,圈内妹妹,1916193382?refer_flag=1001030103_,#法院认定小慧君虚构性骚扰#目前小慧君的千万网红，账号已经被封！看了小慧君姚某杰（巧乐兹夫妇）等人策划诬告的聊天记录，不得不说，现在的坏人真的没有底线…法律是公正的，不会冤枉一个好人，也不会放过一个坏人！ ​,iPhone 14 Pro,N1JMYhP8K,52,52,69,红V认证,正,9,-2,81,0,0,2,0
4.90414E+15,2023/5/22 10:23,韩大锤,6071770825?refer_flag=1001030103_,#巧乐兹夫妇#  既然法院认定小慧君虚构性骚扰，那就涉嫌诽谤罪，诽谤罪是指故意捏造并散布虚构的事实，足以贬损他人人格，实施破坏他人名誉，情节严重，从而构成的犯罪。情节严重的，处三年以下有期徒刑、拘役、管制或者剥夺政治权利。此次事件，性质十分恶劣，对社会危害极大，不能简单封号或者道歉处理，必须要追究其刑事责任，建议对相关“多人策划”一众帮凶严厉惩处，决不能让其逍遥法外，败坏社会风气，透支社会诚信，肆无忌惮的污蔑别人。 收起d,微博搜索,N1JLX1CbX,34,48,288,橙V认证,正,5.21052631578947,1.64285714285714,27.1495844875346,0,0,23,0
4.90414E+15,2023/5/22 10:22,文力元,7753704239?refer_flag=1001030103_,#法院认定小慧君虚构性骚扰#，想想之前那段话，现在不觉得好笑吗？“有哪个女孩会用自己的清白诬陷别人呢”，现在事实证明：有！！！ ​,专用老年机,N1JLj6YM1,11,17,195,红V认证,正,6.33333333333333,.476190476190476,40.1111111111111,0,0,10,0
4.90414E+15,2023/5/22 10:08,青春河边巢,1645752321?refer_flag=1001030103_,她力量｜女性朋友别再做这样得不偿失的事了！#法院认定小慧君虚构性骚扰# 想出这个点子的人真的很可恶，女性朋友用清白去污垢一些没有的事，道德成本太大了，同时也伤害了所有女性朋友。真的值得吗？赢了如何？人家是清白的就会用事实说话，正是应了那句，不是不来，时候未到，那么现在，官方宣布结果了，你又如何自处？ L青春河边巢的微博视频 收起d,微博视频号,N1JFToZsv,120,118,1081,橙V认证,正,5,1.73333333333333,25,1,1,13,.0769230769230769
4.90413E+15,2023/5/22 9:45,四月好甜,1750197355?refer_flag=1001030103_,虚构性骚扰事件也让我们看到了网络舆论的力量和影响。网络红人的言论和行为，往往会引起广泛的共鸣和反响，对企业形象和商业利益产生巨大的影响。因此，网络红人需要认识到自己的影响力和责任，不能利用虚构事件来获取利益或者解约，更应该以积极的态度为社会和商业做出贡献。总之，虚构性骚扰事件背后涉及到了网络红人和企业合作的多重利益关系，以及法律和道德的问题。这个事件让我们看到了网络舆论的力量和影响，也让我们反思了网络红人和企业合作的责任和重要性。希望在今后的商业活动和社会交往中，我们都能够以诚信和责任为基础，共同建设一个健康、稳定和繁荣的社会和商业环境。#法院认定小慧君虚构性骚扰# 收起d,华为Mate40保时捷设计,N1JwxCsSl,47,53,98,橙V认证,正,4.33333333333333,.9,18.7777777777778,2,2,30,.0666666666666666
4.90412E+15,2023/5/22 8:59,热门话题探究,2460723584?refer_flag=1001030103_,#法院认定小慧君虚构性骚扰#有没有一种可能，她私生活比较混乱，她说x骚扰是可以轻轻松松说出来污蔑别人的。除了这种我实在想不到为什么会有如此厚颜无耻之人，以后女性在职场真的被x骚扰了，谁还信？ ​,微博网页版,N1JdSekc8,21,23,24,黄V认证,正,9,-1.5,81,0,0,12,0
4.90412E+15,2023/5/22 8:59,热播电影杂谈君,1232180325?refer_flag=1001030103_,#法院认定小慧君虚构性骚扰#这种行为只会使以后普通女孩子维权更难 正常人遇到个人权益被侵犯的事情，第一反应应该是报jing。那些说小作文还是可以信的，建议先反问自己一下，为什么他不报jing。 ​,微博网页版,N1JdIvkn0,20,20,30,黄V认证,正,9,-2.5,81,2,2,15,.133333333333333
4.90412E+15,2023/5/22 8:58,电影影视评论员,1660193777?refer_flag=1001030103_,#法院认定小慧君虚构性骚扰#网友：想知道 网红这样的操作一般会掉粉还是涨粉。。。。？ 三年了，老板太惨了，之前还一直关注这个消息，最近总算解决了 ​,微博网页版,N1JdveJAu,20,19,29,黄V认证,正,9,-.666666666666667,81,1,1,12,.0833333333333333
4.90412E+15,2023/5/22 8:58,娱乐观察站,1659775307?refer_flag=1001030103_,#法院认定小慧君虚构性骚扰# 哪有女孩子，会用自己的清白为代价来诬告啊 事实证明真的有！人品够差的，策划一出性骚扰 ！！ ​,微博网页版,N1Jdk01w8,12,14,18,黄V认证,正,9,-1.92857142857143,81,2,2,9,.222222222222222
4.90412E+15,2023/5/22 8:57,圈内姐姐,2684951183?refer_flag=1001030103_,#法院认定小慧君虚构性骚扰# 娱乐圈之后，该管短视频和直播了，要不然，久了会传递一个信号，“做网红能赚钱，还好好学习吗” ​,微博网页版,N1Jd6BtUP,18,17,19,黄V认证,正,6,0,36,0,0,13,0
4.90412E+15,2023/5/22 8:57,娱扒光,1659928803?refer_flag=1001030103_,#法院认定小慧君虚构性骚扰#想到的只有以后女性的维权会更加艰难，身为女性却利用女性的同情。过段时间换个账号继续出山带货吗？ 看到就想起来我当年还被他删过评 ​,微博网页版,N1JcT5tKF,22,22,33,黄V认证,正,9,-.41025641025641,81,2,2,16,.125
4.90412E+15,2023/5/22 8:56,圈姐扒娱,1677946681?refer_flag=1001030103_,#法院认定小慧君虚构性骚扰#挺好，以后还是让司法机关用证据说话吧，谁还敢信网络舆论，都是被挑动情绪的单纯大姐，谁都不知道真相但一个比一个言之凿凿，被利用都不知道。 ​,微博网页版,N1JcI9t7U,18,20,27,黄V认证,正,5.5,0,30.25,2,2,15,.133333333333333
4.90412E+15,2023/5/22 8:56,扒圈客,2545226175?refer_flag=1001030103_,#法院认定小慧君虚构性骚扰#小作文，小视频的不完全可信就在于此。 现在小作文层出不穷 ，作为看客还是得理性对待 ​,微博网页版,N1Jcy8SUP,19,19,23,黄V认证,正,3.66666666666667,.424242424242424,13.4444444444444,2,2,14,.142857142857143
4.90412E+15,2023/5/22 8:55,扒圈老祖,1525395864?refer_flag=1001030103_,#法院认定小慧君虚构性骚扰#这只会使得这一次的谎言化作成百上千根利箭，在今后射向许多个无辜的女孩儿。 竟然还有拿自己清白来开玩笑的女人，这种人让那些真正被性骚扰的人维权就更艰难了…… ​,微博网页版,N1Jcj3BjZ,16,15,24,黄V认证,正,3,0,9,0,0,13,0
4.90412E+15,2023/5/22 8:55,圈内娱叔,1677542884?refer_flag=1001030103_,#法院认定小慧君虚构性骚扰#真的是为了红什么事都做得出来，用自己的清白去造谣别人，以后真正受害的女生维权只会更难吧 ​,微博网页版,N1Jc6AuHI,21,23,26,黄V认证,正,9,-1.8,81,0,0,15,0
4.90412E+15,2023/5/22 8:55,圈内皇叔,2849788934?refer_flag=1001030103_,#法院认定小慧君虚构性骚扰#可怕，狼来了的故事… 真的恶心 ，意思是拿自己的清白去造谣别人？？？真是世界之大，无奇不有 ​,微博网页版,N1JbWjqz1,18,19,21,黄V认证,正,9,-.45,81,0,0,9,0
4.90412E+15,2023/5/22 8:54,娱乐圈探班,1312419972?refer_flag=1001030103_,#法院认定小慧君虚构性骚扰#以前匿名信，至少贴8分钱邮票，现在网上发视频，一分钱不花。违法成本越来越低，社会危害越来越大。 不但把人家公司弄倒闭了，而且让本就困难的女性，道路雪上加霜…… ​,微博网页版,N1JbGiI6v,23,24,27,黄V认证,正,5,.7,25,0,0,14,0
4.90412E+15,2023/5/22 8:53,耿向顺,5539703320?refer_flag=1001030103_,我在看到网上看到一些控诉爆料小作文时，一般保持比较谨慎态度，不全信不偏信，不被情绪冲昏头脑，凡事都要讲证据，毕竟这些年如小慧君事件这样反转的事情太多了。并不是男的就一定是坏人，也不是女的就一定是受害者。一个人的性别和其善恶人品能力等并无直接关系，男人女人都可能成为被伤害的人，也可能会成为伤害别人的人，不能因为一个人的性别是男是女就判断善恶是非、提前预判“正义”、预设真相和立场。网上大大肆传播的“男人都是潜在qj凡/罪犯/暴力狂”、“女人都是潜在的诬告犯”之类的以性别立场判断善恶是非恶毒言论真的令人觉得很离谱。而在没有监控、没有认证物证、没有聊天记录语音视频等证据的情况下，想要证明自己被X骚扰是很难的，而要想证明自己没有X骚扰他人也是很难的。若是被人下套设局，那真的很难证明自己的清白，需要自己挖开自己的肚子看到底吃了几碗粉。若是没有任何证据也不走正当法律法规程序，仅仅因为谁网上发一篇“小作文”而被广泛关注就能给人定罪、让人被声讨、让人身败名裂，那这样社会挺可怕的。若控诉小作文被查实为真的，那作恶者就要被依法依规惩处，但若是控诉小作文若是捏造的，那造谣写小作文的人也应该要付出代价。一篇小作文，可能会让一个人事业受影响、家庭感情破裂、身败名裂、直接社死，后果是相当严重的。而狼来了的故事，大家都是很熟悉的，每一次发生这种小作文反转的事情都会透支公众的同情心和信任。若是造谣、虚构夸大事实诬告别人者，不需要付出代价，必将不断有人效仿，透支掉人们的善意、同情心和信任。当有人真正受到伤害时，人们将会选择更加冷漠地旁观、更加谨慎地出手相助，最后受害的，将是那些被ta们污蔑的人和那些真正受伤害并需要被帮助的人。#小慧君回应被指封号# 收起d,微博网页版,N1Jbct3pn,32,23,527,红V认证,正,9,-1.18055555555556,81,3,3,17,.176470588235294
4.90412E+15,2023/5/22 8:52,拾荒的村姑,5151179184?refer_flag=1001030103_,#法院认定小慧君虚构性骚扰#“哪个女孩子会用自己的清白开玩笑”。就是因为有太多这样的事情发生，让真正受害的女性，维权越来越难。 ​,微博搜索,N1JaS4MEm,21,69,1452,红V认证,正,9,-2.6984126984127,81,1,1,30,.0333333333333333
4.90412E+15,2023/5/22 8:40,李爷无为,6865526227?refer_flag=1001030103_,#法院认定小慧君虚构性骚扰#【千万网红账号被封号 此前哭诉被领导性骚扰 后法院判决系多人虚构策划】啊这？ 真的拿自己的“清白”去…… ​,HUAWEI Mate 30 5G,N1J5Rx4sp,14,50,684,红V认证,正,9,-1.87878787878788,81,1,1,31,.032258064516129
4.90412E+15,2023/5/22 8:39,好废的布偶猫,7773428955?refer_flag=1001030103_,#法院认定小慧君虚构性骚扰#哎呦，这哭的梨花带雨的小表情，不知道当年引起了多少集美们“共情”呢？？这手段简直太好用了，就算被识破了，大多数集美们也不过是写个道歉信而已，零成本高回报啊，下次还得这么干！ ​,HUAWEI P60 Pro,N1J5I1w8Q,37,20,330,黄V认证,正,9,-1.96428571428571,81,0,0,11,0
4.90411E+15,2023/5/22 8:29,填鸭式教育受害者,5833359023?refer_flag=1001030103_,#法院认定小慧君虚构性骚扰# 近日，千万网红小慧君被封号引发网友热议，疑似因不履行法院判决内容。2020年11月，刘某慧（小慧君）发视频哭被老板孙灏羽性骚扰并强迫她签订含有霸王条款的合作协议，同时表示孙灏羽骚扰公司多位女艺人，网红姚某杰（巧乐兹夫妇）等多人本转发支持。孙灏羽否认指控，先后起诉刘某慧、姚某杰2人。2022年6月26日、6月28日两起案件的一审判决显示，认定刘某慧签订的短视频独家协议合法有效，刘某慧、姚某杰为实现“低成本”解约目的虚构赤度公司法人孙灏羽性骚扰的短视频用舆论施压赤度公司，其行为侵犯赤度公司名誉权。L红星视频的微博视频 收起d,微博视频号,N1J1CcSZK,21,107,838,红V认证,正,9,-1.41176470588235,81,0,0,48,0
4.90411E+15,2023/5/22 8:29,牛Croissant,6256354327?refer_flag=1001030103_,#法院认定小慧君虚构性骚扰#当时巧乐兹夫妇真的让人大跌眼镜，两个海龟富二代，女方还参加了大热综艺上热搜，两个小朋友也特别可爱，最惨的真的是这个老板，捧红他们又被坑，真的知人知面不知心 ​, ,N1J1yDWe4,25,337,6951,黄V认证,正,9,-1.35746606334842,81,3,3,60,.05
4.90411E+15,2023/5/22 8:26,追娱男孩金城武,2028053545?refer_flag=1001030103_,#法院认定小慧君虚构性骚扰#果熟蒂落，小慧君的判决终于下来了，造谣他人性骚扰她博得流量，为了低价解约，终是咎由自取。 ​,iPhone 14 Pro Max,N1J0dlsfW,61,59,100,黄V认证,正,9,-1.40040650406504,81,6,6,53,.113207547169811
4.91663E+15,2023/6/25 21:38,没品搞笑排行榜,2817820365?refer_flag=1001030103_,#孟美岐说受到了很多伤害#  孟美岐有一句话说对了，别人一辈子都不会遇到，因为别的女生不会赚着208W，还去当3啊 L没品搞笑排行榜的微博视频 ​,微博视频号,N6YIOv0Gm,200,201,203,黄V认证,负,3,3.21,9,0, , , 
4.91659E+15,2023/6/25 18:32,芒果捞微微,6101764818?refer_flag=1001030103_,#孟美岐说受到了很多伤害#受到伤害的原因不是因为“456”吗孟美岐说关注喜欢陪伴她很多年的粉丝，自然了解她这两年的经历，演唱会门票都售不出去还不考虑其他谋生门路！ L芒果捞微微的微博视频 ​,微博视频号,N6Xvbj4kC,65,66,181,黄V认证,负,4.33333333333333,4,18.7777777777778,8,8,42,.19047619047619
4.91657E+15,2023/6/25 17:08,吐槽小婊咂,2816849587?refer_flag=1001030103_,#孟美岐说受到了很多伤害# 打工人实在无法和208们共情，这边建议退圈试试呢 ​, ,N6WXanrrq,101,100,120,黄V认证,负,4,3.66,16,0, , , 
4.9163E+15,2023/6/24 23:12,业余选手马冬美,5715993790?refer_flag=1001030103_,孟美岐超话·#孟美岐北京演唱会# 回信part“……谢谢你们一直给我力量～我们都要乐观坚强地去工作，去生活，做更好的自己吧！”“……谢谢你们把爱意无限地给予我，彼此陪伴成长的感觉真好💜”“……让我们珍惜每一次的见面，一起进化成更好的人～～”“……谢谢你们陪我走过，一路风雨兼程，要多多关心自己，每天都要开开心心的，我也会照顾我自己～” @孟美岐 L业余选手马冬美的微博视频 收起d,孟美岐超话,N6PUr0Yo9,141,82,383,橙V认证,负,4,3.50183418928833,16,12,12,76,.157894736842105
4.91835E+15,2023/6/30 15:35,斐波那契皮皮兔,5267746103?refer_flag=1001030103_,#孟美岐说要放下以前的包袱# 最近一两个月孟美岐和孟美岐粉在干什么？反正我们稳稳的幸福！舞台粉快乐到起飞武汉（P1）➡️成都（P2）➡️上海（P3）➡️西安（P4P5）➡️首都（P6P7）➡️江西（P8）➡️青岛（P9）颜值🆙舞台🆙我要陪孟美岐唱跳到八十八 ​, ,N7HtHnJBu,40,25,167,橙V认证,正,6,1.82539682539683,36,5,5,23,.217391304347826
4.91828E+15,2023/6/30 10:58,伊丽莎白骨精啊,6470919752?refer_flag=1001030103_,#孟美岐说要放下以前的包袱# 《舞台2023》发布会孟美岐在真心话挑战环节被问到再次站上舞台的心态，会不会担心喜欢她的人对她有其他评价？孟美岐回应“来这个舞台本身就是要放下很多包袱和以前的经历”  L伊丽莎白骨精啊的微博视频 ​,孟美岐超话,N7FFrARmB,142,645,16856,红V认证,正,3,1.31906739061003,9,29,29,295,.0983050847457627
4.91828E+15,2023/6/30 10:55,东施飞行日记,7067439325?refer_flag=1001030103_,#孟美岐说要放下以前的包袱# 孟美岐在歌手真心话挑战环节谈起阔别舞台两年，表示“来这个舞台本身就是要放下很多包袱和以前的经历”，她只想把舞台做好，不去想其他的事情，这样纯粹的孟美岐谁能不爱！ ​, ,N7FEi6wcD,33,89,847,红V认证,正,0,4.07647058823529,0,17,17,77,.220779220779221
4.91828E+15,2023/6/30 10:54,林黛玉正拔垂杨柳,2390209393?refer_flag=1001030103_,#孟美岐说要放下以前的包袱# 当孟美岐被问到再次站上舞台是什么心态、会不会担心喜欢她的人对她有其他评价时，她坦然的表示“来这个舞台本身就是要放下很多包袱和以前的经历”，期待放下以前的包袱的孟美岐能继续给我们带来惊喜！ L林黛玉正拔垂杨柳的微博视频 ​,微博视频号,N7FDYkLDq,28,38,46,黄V认证,正,5,17.5,25,1,1,35,.0285714285714285
4.91828E+15,2023/6/30 10:54,凌晨二点15,5933733006?refer_flag=1001030103_,孟美岐超话 ·#孟美岐说要放下以前的包袱# 一起来看孟美岐上周演唱会的舞台咯@孟美岐  Lshining_MeiQi的微博视频 ​,孟美岐超话,N7FDV1rGc,29,34,197,橙V认证,正,0,-.6,0,6,6,30,.2
4.91828E+15,2023/6/30 10:52,哎一股清流,2337348632?refer_flag=1001030103_,#孟美岐说要放下以前的包袱# 孟美岐阔别舞台两年，被问到再次站上舞台会不会担心喜欢她的人对她有其他评价时，她表示“来这个舞台本身就是要放下很多包袱和以前的经历”，山支大哥就是最棒的！ ​, ,N7FCXDKkQ,53,196,4607,红V认证,正,3,2.82556659027247,9,25,25,152,.164473684210526
4.91828E+15,2023/6/30 10:48,专磕甜妹,6530060742?refer_flag=1001030103_,#孟美岐说要放下以前的包袱#可是我的可爱小猪一直没有包袱L深井平太的微博视频 ​,孟美岐超话,N7FBifHcr,33,50,179,黄V认证,正,5,5.34057971014493,25,5,5,47,.106382978723404
5.11801E+15,2025/1/1 14:11,音廊,7439257460?refer_flag=1001030103_,王力宏精选经典歌曲五十首#王力宏 复出# L音廊的微博视频 ​,微博视频号,P7yuG5F23,123,14,289,红V认证,正,5,5.7,25,0,0,14,0
5.11794E+15,2025/1/1 9:48,驰名双标菌,6190405002?refer_flag=1001030103_,#王力宏 复出# 前排6个热评，5个是负面的……被泼了脏水的男星，虽然有多地法院判其胜诉，虽然当初指责他的小作文被证实漏洞百出……但是过了这么久还是还是有人“执迷不悟”的攻击他…… ​, ,P7wM7zp2l,20,67,685,红V认证,正,9,-2.41666666666667,81,1,1,29,.0344827586206896
5.1179E+15,2025/1/1 7:00,CrazyBasketball,5630847689?refer_flag=1001030103_,王力宏B站跨年演唱会四连唱完整版，有点超模了二哥！#王力宏# LCrazyBasketball的微博视频 ​,iPhone 11 Pro Max,P7vFObGjC,52,27,410,红V认证,正,0,1.02857142857143,0,1,1,24,.0416666666666666
5.11779E+15,2024/12/31 23:27,林屿森_光,5487838686?refer_flag=1001030103_,#王力宏状态#这状态也太好了吧！这个年龄的状态直接赢内娱那些20多岁的男明星！哥，你是咋保养的？咋那么年轻！出个教程吧！  L林屿森_光的微博视频 ​,所愿皆成真,P7sHNxudr,39,80,621,橙V认证,正,7,2.54545454545455,49,3,3,28,.107142857142857
5.11778E+15,2024/12/31 23:14,瓜田列文虎克,7546573234?refer_flag=1001030103_,#王力宏 复出#王力宏《心中的日月》超绝转音，状态超稳，神级现场开口跪！唱得真的太牛了！乐坛永远的神，希望明年能去演唱会！‖ L历史这些事啊的微博视频 ​,燕燕小可爱Android,P7sCEk8HS,39,69,1297,橙V认证,正,6,3.42490842490843,36,4,4,55,.0727272727272727
5.11778E+15,2024/12/31 23:14,音乐客客,5648179211?refer_flag=1001030103_,#王力宏 复出# 时隔二十年 再次唱响这首歌 泪奔华语乐坛顶配一体机王力宏yyds L音乐客客的微博视频 ​,微博视频号,P7sCx85UO,674,1973,26899,橙V认证,正,0,1.22352714670774,0,11,11,310,.0354838709677419
5.03517E+15,2024/5/17 23:58,吃瓜冲浪日记,6548368832?refer_flag=1001030103_,#王力宏 歌手#王力宏回复粉丝会不会上歌手，听这意思就是不会去了吧 ​, ,OeKVF2Czy,26,101,881,红V认证,中,9,-.149732620320856,81,1,1,56,.0178571428571428
5.03515E+15,2024/5/17 22:38,悟空音乐随笔,1828960842?refer_flag=1001030103_,王力宏《爱错》超经典现场！这才是情歌该有的样子啊，二哥快来歌手救场！#王力宏回应去歌手#   L悟空音乐随笔的微博视频 ​,王力宏超话,OeKp5sSRB,110,89,841,橙V认证,中,8,1.93743372216331,64,10,10,87,.114942528735632
4.90522E+15,2023/5/25 9:27,理记,1907166177?refer_flag=1001030103_,#央视网评小慧君造谣性骚扰事件#媒体不要只是高高在上痛心疾首的指责别人，媒体自己要先反思。当李星星诬陷鲍毓明性侵性骚扰小作文红遍全网群情激奋的时候，你们在干嘛？当梁颖小作文摧毁罗冠军的时候，你们在干嘛？当陈露小作文把一个优秀的年轻歌手霍尊全家毁掉的时候，你们又在干嘛？当高颜值的理记独自承受漫天网暴的时候，你们到底特么在干嘛？你们在跟风走，你们在凑热闹，你们在吃流量啊。雪崩之时，没有一片雪花是无辜的。如今网络上的“狼来了”已然成灾，朱军已成诸君，这个时候你们出来了，开始让网友反思了，甚至愚蠢的以为这些义愤填膺义正言辞的话可以吓到那些心怀叵测的诬告者。徐江跟高启强说，你以为说几句狠话我就怕你了吗？不让狼来了，很简单，从现在起:1，诬告者无论男女统一标准严惩。2，给诬告犯推波助澜的核心人物必严惩。3，让诬告者造谣者禁止从新媒体获益。如果这些都做不到，那么媒体这些冠冕堂皇的话，不过是“狼来了”的回响音而已，谁信谁杀币。 收起d,华为 Mate X3,N2bGq10kU,280,436,5992,黄V认证,中,9,-.0612301185988783,81,26,26,222,.117117117117117
4.90498E+15,2023/5/24 17:33,种花家的菌事兔,6096067091?refer_flag=1001030103_,#央视网评小慧君造谣性骚扰事件#在网络时代，我们享受到了更多的信息和交流渠道的同时，也面临着更多的挑战和诱惑。网络不是法外之地，这就意味着我们需要在网络世界中遵守法律和道德规范，“小慧君”事件的发生让我们意识到，网络上的言论要从多方面论证，不能单凭发声一方的言论就定下整件事情的基调，未知全貌，不予评论因此我们应该以负责任的态度对待网络。同时，网络空间也需要建立起法治体系，维护公序良俗和社会秩序。只有这样，我们才能更好地利用网络这个工具，推动社会的进步和发展。 收起d, ,N25rqkd7J,29,53,417,红V认证,中,4.11111111111111,1.20833333333333,16.9012345679012,5,5,29,.172413793103448
4.90496E+15,2023/5/24 16:23,顽皮的郭贝勒,6094785552?refer_flag=1001030103_,一段作文，几张截图，就靠舆论定罪。他骚扰了，我没证据，不会用清白诬告。资本操纵，强权打压，败诉是因为黑幕。谎言套谎言，越来越玄幻，把自己塑造成，完美的受害者，还戳女性痛点。对了就对了，错了没后果，最次也能搞臭对方。获得同情，赚取流量，然后开始变现。挑起男女对立，利用公众善良，这种恶劣行为，必须被严惩。既然网络举报，那就应该对等。如果成功了，对方必定社死，如果是诬告，承担法律后果。证据可以模糊，但绝不能捏造，虚构和不足，有本质区别。本来有些缺少证据，像办公室骚扰，面对强权不敢反抗的，可以借助网络维权。这么一来，等于把路堵上，让真正的受害者，反而不敢发声了。泼一身脏水，让被诬告者，要自证清白。凑不成证据链，也得有点基本事实，不能就凭一张嘴，说你做就做了，这不是开玩笑么。#央视网评小慧君造谣性骚扰事件# 收起d, ,N24YSFhHF,12,29,163,橙V认证,中,9,-2.16176470588235,81,1,1,21,.0476190476190476
4.90495E+15,2023/5/24 15:58,思明博览,2617786612?refer_flag=1001030103_,胸怀能容下悲喜，光阴就能包容曾经；内心能承载善良，生命就能释放温暖。不要用无谓的烦恼作贱自己；不要让无尽的欲望伤害岁月。养得一身浩然气，活出一颗自在心！#央视网评小慧君造谣性骚扰事件# ​,iPhone 13 Pro Max,N24ODEwWm,22,18,16,橙V认证,中,4.66666666666667,2.5,21.7777777777778,2,2,5,.4
5.16001E+15,2025/4/27 11:59,KUN的红姐,5239677643?refer_flag=1001030103_,蔡徐坤胜诉了❗️狗仔道歉了❗️狗仔被封杀了❗️媒体都通报了❗️W不履行判决变成被强制执行的老赖了❗️再怎么诡辩也改不了狗仔和W造谣败诉的事实❗️工作室明确说明👉🏻对任何继续捏造、传播艺人谣言，侵害艺人合法权益的行为追责到底，绝不姑息❗️追责到底，绝不姑息❗️追责到底，绝不姑息❗️#蔡徐坤工作室回应W女士#cxk 收起d,蔡徐坤超话,PpbcCeE68,43,13,422,橙V认证,负,4.55555555555556,1.85714285714286,20.7530864197531,1,1,13,.0769230769230769
5.15998E+15,2025/4/27 9:34,葵园守夜人,1072251142?refer_flag=1001030103_,#蔡徐坤事件W女士#现在的热搜标题，“争议”什么的，请注意，根本不存在争议。W这套说辞已经在法庭上狡辩过了，并不被法院认可，结果就是法院经审理认定她造谣诽谤。现在同一套说辞拿出来写小作文试图颠倒黑白玩弄舆论，这是公然不把司法当回事么，果然是老赖，无法无天。 ​, ,PpafVqyxv,53,48,396,橙V认证,负,9,-1.05720823798627,81,8,8,42,.19047619047619
5.15997E+15,2025/4/27 9:27,KUN的红姐,5239677643?refer_flag=1001030103_,#蔡徐坤方起诉新造谣者# 收起d,蔡徐坤超话,Ppad2t63R,46,24,335,橙V认证,中,5,1.46666666666667,25,3,3,22,.136363636363636
5.15992E+15,2025/4/27 5:52,世上再无滑片小猪,6889623413?refer_flag=1001030103_,#蔡徐坤事件W女士#平时说的到好，有没有罪法庭法官自会判决，微博网友不是判官，那么法庭法官都说W造谣诽谤了，满嘴谎话！你们又说都是假的，难道你们在藐视我国的公检法吗？不相信我国的法律法规，公平正义吗？你们要是觉得W冤枉，那网友你们替W承担责任呗？《刑法》第三百一十三条　【拒不执行判决、裁定罪】对人民法院的判决、裁定有能力执行而拒不执行，情节严重的，处三年以下有期徒刑、拘役或者罚金；情节特别严重的，处三年以上七年以下有期徒刑，并处罚金。    蔡徐坤工作室对任何继续捏造、传播艺人谣言，侵害艺人合法权益的行为将追责到底，绝不姑息！坚决支持网信部门依法查低俗炒作娱乐明星信息账号！  ｜/ 收起d, ,Pp8NXc37d,83,54,765,红V认证,中,4.69230769230769,.180147058823529,22.0177514792899,3,3,49,.0612244897959183
5.15984E+15,2025/4/27 0:49,好运星座,1873817907?refer_flag=1001030103_,蔡徐坤方称武某捏造事实 决支持蔡徐坤维护自身合法权益！造谣诋毁他人者必将受到法律的严惩！支持蔡徐坤维权 ​,微博网页版,Pp6OX5fjn,22,24,46,红V认证,负,5,8.56,25,0, , , 
5.15984E+15,2025/4/27 0:45,吃菜菜不吃菜菜-,6366424531?refer_flag=1001030103_,#蔡徐坤事件W女士#_支持老/赖的生老/赖支持老/赖的当被/告支持老/赖的上报纸 ​​​共情的人一起进入下一批告黑名单_ ​,iPhone客户端,Pp6N7ko17,249,87,1115,橙V认证,正,5,0,25,8,8,82,.0975609756097561
5.15983E+15,2025/4/27 0:06,漂亮姐姐_Kunsland·蔡徐坤,6477844446?refer_flag=1001030103_,#蔡徐坤方称武某捏造事实#相信司法公正！对于造谣者绝不姑息！坚决支持网信部门依法查低俗炒作娱乐明星信息账号！武某【捏造事实】【侵犯蔡徐坤先生名誉权的行为】已由【法院判决】，并已由律师事务所申请【强制执行】！ 对任何【继续捏造】、【传播艺人谣言】，【侵害艺人合法权益】的行为，【追责到底】，【绝不姑息】！ ​​​ 收起d,蔡徐坤超话,Pp6xdzH4D,253,161,1109,红V认证,负,4.57142857142857,4.19438339438339,20.8979591836735,17,17,152,.111842105263158
5.15983E+15,2025/4/27 0:05,赵瞾说事,5934541885?refer_flag=1001030103_,#蔡徐坤方称武某捏造事实#   理性看待这次蔡徐坤工作室发的声明呀。法院早就对武某捏造事实的行为做出判决了，可武某却不履行判决书义务，蔡徐坤方申请强制执行也是无奈之举。 本以为事情已经尘埃落定，没想到武某又发布不实微博内容，这对蔡徐坤的权益损害太大了 。之前胜诉的案件，已经明确了事实真相，咱们不能被不实言论带偏节奏。蔡徐坤工作室也表明会继续用法律手段维权，相信法律会给出公正的结果。希望大家都能尊重事实，别被不实消息误导，一起营造清朗的网络环境~ 收起d,蔡徐坤超话,Pp6wLteji,17,59,370,红V认证,负,4,3.32713178294574,16,12,12,58,.206896551724138
5.15983E+15,2025/4/27 0:03,想问你的脸疼吗,7762395960?refer_flag=1001030103_,#蔡徐坤方称武某捏造事实#蔡徐坤是太难了，明明自己受了两年冤枉靠着自己强大的内心，和对初心的热爱还有粉丝的支持，不解释不卖惨不扯头花至始至终都相信司法公正，用法律维权花了两年时间，八次庭审，终于还自己清白被告的行为属于，拒不履行法律判罚并继续二次传播，继续造谣！不在法庭上举证跑来社交平台，企图用小作文混淆视听引起舆论再次对蔡徐坤进行伤害蔡徐坤胜诉了，网信部门和律师界都说过造谣的成本太低，但是网络也不是法外之地希望大家擦亮眼睛，还社会公平公正！ 收起d,大哥给买的iPhone客户端,Pp6w8j1wg,80,49,501,红V认证,负,5,1.28181818181818,25,5,5,47,.106382978723404
5.15983E+15,2025/4/26 23:50,我k对人类过敏,6448659421?refer_flag=1001030103_,蔡徐坤超话#蔡徐坤方称武某捏造事实# 请勿造谣传谣！武某【捏造事实】侵犯蔡徐坤先生名誉权的行为已由【法院判决】，并已申请【强制执行】！ 工作室将长期委托律所取证并持续依法追究相应的法律责任。对任何继续捏造、传播艺人谣言，侵害艺人合法权益的行为追责到底，绝不姑息！ ​​​ 收起d,蔡徐坤超话,Pp6qXyBGd,27,14,153,红V认证,负,4.25,1.75,18.0625,0,0,14,0
5.15983E+15,2025/4/26 23:47,蔡徐坤你翻不翻我牌,6405169440?refer_flag=1001030103_,#蔡徐坤方称武某捏造事实# 到底是谁在相信败诉老赖写的小作文❓蔡徐坤先生的粉丝自始至终相信司法的公正性‼️武某【捏造事实】侵犯蔡徐坤先生名誉权的行为已由【法院判决】，并已申请【强制执行】‼️请勿再造谣传谣，对任何继续捏造、传播艺人谣言，侵害艺人合法权益的行为追责到底，绝不姑息‼️请不要为犯法者洗白，法院白纸黑字写着强制执行，造谣者不值得同情，纯属活该。  收起d,iPhone 13 Pro Max,Pp6pw51ai,113,42,348,橙V认证,负,4.375,.792270531400966,19.140625,8,8,41,.195121951219512
5.15983E+15,2025/4/26 23:43,你全家才多担,6350335773?refer_flag=1001030103_,#蔡徐坤方称武某捏造事实#w说想吸引火力找狗仔爆料不假，但是她爆料的东西都是她编造的她自己也承认了，事后还被狗仔一盆子黑水说w是蔡徐坤派来搅混水吸引注意力的……当年网友也被狗仔当狗牵着走，还说蔡徐坤不会告w的，因为蔡徐坤和w是一伙人…事实就是他们并非一路人，且w现在就是被法院强制执行了，那我问你，w造谣别人被起诉是不是理所当然？蔡徐坤被造谣维权成功是不是合理合法？look in my eyes！回答我！还有说蔡徐坤对粉丝(指w女士)太狠心了的，看看图2，你是说这位发表恶毒言论的粉丝？tell me why！回答我！ 【停止造谣吧！这一个造谣的被强制执行，上一个造谣的已经登报道歉了，下一个造谣的你想以怎样的事件被公布呢？好难猜哦】 收起d,画饼大师,Pp6o09ci9,61,36,457,橙V认证,负,9,-.533333333333333,81,5,5,32,.15625
5.15982E+15,2025/4/26 23:16,袁者之,3861130273?refer_flag=1001030103_,#蔡徐坤方称武某捏造事实#当法律判决撞上舆论战场：谁来为真相买单？在一纸声明背后，是法律判决的权威与网络爆料的博弈。当W女士以“抑郁症患者”身份控诉资本操控舆论，蔡徐坤团队高举判决书主张司法公正，在这场罗生门里最荒诞的，应该是公众，我们既不是法官，却被迫在碎片化信息中当起裁判，流量时代的真相早被切割成饭圈弹药。对于 “蔡徐坤事件W女士 ”事件，法律是公平公正的，我们要相信司法，相信法律。 收起d, ,Pp6d10vdW,38,192,1463,橙V认证,负,5.25,3.35451505016722,27.5625,7,7,118,.059322033898305
5.16E+15,2025/4/27 11:28,世上再无滑片小猪,6889623413?refer_flag=1001030103_,华表奖:💰白花了宣代言的:💰白花了影视宣传的:💰白花了日常宣传的:💰白花了 #蔡徐坤方起诉新造谣者#// ​, ,PpaZXFsOk,95,89,1688,红V认证,负,9,-.839634146341463,81,18,18,81,.222222222222222
5.15998E+15,2025/4/27 9:38,坤的薇薇安,6552883495?refer_flag=1001030103_,#蔡徐坤事件W女士#吃🍉群众：无任何反转，造/谣/被/告在发疯，切勿藐/视/法/律。  ​,iPhone 16 Pro,PpahI0UWs,86,58,698,红V认证,正,3,1.07843137254902,9,13,13,55,.236363636363636
5.15997E+15,2025/4/27 9:27,KUN的红姐,5239677643?refer_flag=1001030103_,#蔡徐坤方起诉新造谣者# 收起d,蔡徐坤超话,Ppad2t63R,46,24,335,橙V认证,中,5,1.46666666666667,25,3,3,22,.136363636363636
5.15996E+15,2025/4/27 8:11,追影子奔跑,6545194314?refer_flag=1001030103_,#蔡徐坤事件W女士#蔡徐坤已胜诉！狗仔已道歉！对任何继续捏造、传播艺人谣言，侵害艺人合法权益的行为追责到底，绝不姑息！​,我宝送的Android,Pp9IemcoV,26,15,338,红V认证,正,4.6,2,21.16,3,3,16,.1875
5.15992E+15,2025/4/27 5:52,世上再无滑片小猪,6889623413?refer_flag=1001030103_,#蔡徐坤事件W女士#平时说的到好，有没有罪法庭法官自会判决，微博网友不是判官，那么法庭法官都说W造谣诽谤了，满嘴谎话！你们又说都是假的，难道你们在藐视我国的公检法吗？不相信我国的法律法规，公平正义吗？你们要是觉得W冤枉，那网友你们替W承担责任呗？《刑法》第三百一十三条　【拒不执行判决、裁定罪】对人民法院的判决、裁定有能力执行而拒不执行，情节严重的，处三年以下有期徒刑、拘役或者罚金；情节特别严重的，处三年以上七年以下有期徒刑，并处罚金。    蔡徐坤工作室对任何继续捏造、传播艺人谣言，侵害艺人合法权益的行为将追责到底，绝不姑息！坚决支持网信部门依法查低俗炒作娱乐明星信息账号！  ｜/ 收起d, ,Pp8NXc37d,83,54,764,红V认证,正,4.69230769230769,.180147058823529,22.0177514792899,3,3,49,.0612244897959183
5.15984E+15,2025/4/27 0:50,好运星座,1873817907?refer_flag=1001030103_,蔡徐坤方起诉新造谣者 给你家负责kpi的说说，下次我发蔡徐坤给我安排kpi啊支持蔡徐坤维权！互联网从来不是法外之地！ ​,微博网页版,Pp6Plmgpp,19,19,35,红V认证,正,5,9.345,25,0, , , 
5.15984E+15,2025/4/27 0:45,吃菜菜不吃菜菜-,6366424531?refer_flag=1001030103_,#蔡徐坤事件W女士#_支持老/赖的生老/赖支持老/赖的当被/告支持老/赖的上报纸 ​​​共情的人一起进入下一批告黑名单_ ​,iPhone客户端,Pp6N7ko17,249,87,1115,橙V认证,正,5,0,25,8,8,82,.0975609756097561
5.16004E+15,2025/4/27 13:39,剧视大好,6159682814?refer_flag=1001030103_,#蔡徐坤名誉维权曾要求赔偿百万#感觉这件事真的拖了很久啊，所以到底什么时候能够结束，不过感觉蔡徐坤一直在外围活动，好像也没有真正从这件事情的影响中走出来 ​,真我GT Neo5 SE,PpbRgpf7j,15,13,21,红V认证,负,4.5,3.75,20.25,0,0,10,0
5.16004E+15,2025/4/27 13:35,只是叭呐呐,6062946608?refer_flag=1001030103_,#蔡徐坤名誉维权曾要求赔偿百万# 没问题哈 因为这些个造谣诽谤折腾得这两年从名声到各项损失来说 何止这个数 更何况最后只赔了两万蔡徐坤还全捐公益了 只想要个清白而已 老赖别闹了行吗 洗白违法者什么心理啊 点开微博以为进了什么猎奇栏目 完全鄙视 ​,#棒槌.zip#iPhone客户端,PpbPN996J,390,194,5420,红V认证,负,9,-.515354330708661,81,25,25,187,.133689839572192
5.16004E+15,2025/4/27 13:28,KUN的红姐,5239677643?refer_flag=1001030103_,#蔡徐坤名誉维权曾要求赔偿百万# 有犯法者依旧公然挑衅中国法律权威、藐视司法判决、持续作恶——说的就是造谣败诉后且不履行判决被强制执行的老赖❗️❗️❗️ ​,蔡徐坤超话,PpbN47RDf,19,11,274,橙V认证,负,5,9.81818181818182,25,0,0,12,0
5.16003E+15,2025/4/27 13:18,小葵发电站,2305041882?refer_flag=1001030103_,看了半天，原来是W承认狗仔收钱爆料所有，自己也爆假料从2023骗到现在 把网友当日本人耍呢？何况当时给蔡徐坤造成的伤害不是用金钱可以挽回的，为啥违法的人都不去反省，还有一堆人替坏人说话？这世界还有没有公道在了#蔡徐坤名誉维权曾要求赔偿百万# ​,iPhone 15 Pro Max,PpbIS5Unj,189,101,1747,红V认证,负,9,-.821164021164021,81,21,21,97,.216494845360825
5.16003E+15,2025/4/27 13:16,观棋煮茶作个闲人,5874172277?refer_flag=1001030103_,#蔡徐坤名誉维权曾要求赔偿百万# ｜ 温馨提醒：W女士跟其背后的人（合理推测）再继续猖狂下去，就不是蔡个人的事了哦这事情的性质，已经从“蔡徐坤个人维权”，上升到‼️有人（W）在公然挑衅中国法律权威、藐视司法判决、持续作恶的问题了。 ​,小福星KUNiPhone客户端,PpbHR8oGI,23,22,271,红V认证,负,9,-.201680672268908,81,2,2,24,.0833333333333333
5.16003E+15,2025/4/27 13:09,蔡徐坤同学了解一下,6388586843?refer_flag=1001030103_,#蔡徐坤名誉维权曾要求赔偿百万#造谣者为了博取流量和话题，无中生有，赔偿都是轻的，应该进去踩缝纫机。而且蔡徐坤方是赔偿款项全部捐给了希望工程。 ​, ,PpbFb2ekA,55,32,573,橙V认证,负,9,-.647773279352227,81,10,10,32,.3125
5.16003E+15,2025/4/27 13:06,小葵发电站,2305041882?refer_flag=1001030103_,#蔡徐坤名誉维权曾要求赔偿百万# 造谣者最终败诉，看似几张图几段文字的假料，却给受害者造成了难以想象的伤害和损失！蔡徐坤受到的伤害何止百万，谁来弥补？当今世道舆论定罪真是可笑。司法判决不是公关游戏，每一条恶意造谣背后，都是活生生的人被推上舆论架上。明星维权都如此艰难更何况是普通人！ ​,iPhone 15 Pro Max,PpbE2Fcw0,107,54,1138,红V认证,负,4.28571428571429,.353846153846154,18.3673469387755,5,5,46,.108695652173913
5.16003E+15,2025/4/27 12:57,KUN的红姐,5239677643?refer_flag=1001030103_,真讽刺，要是身边有这种人……渍渍渍，想想都害怕！奉劝老赖W，赶紧去履行作为败诉者该履行的判决吧！再怎么狗急跳墙也改变不了作为造谣者已经败诉的事实！#蔡徐坤名誉维权曾要求赔偿百万# ​,蔡徐坤超话,PpbAckhp7,36,27,218,橙V认证,负,9,-1.58730158730159,81,5,5,25,.2
5.16003E+15,2025/4/27 12:56,我k对人类过敏,6448659421?refer_flag=1001030103_,#蔡徐坤名誉维权曾要求赔偿百万#奉劝老赖不要一再抗法，小心变刑事 ​, ,PpbzM2ubi,27,22,232,红V认证,负,3.66666666666667,.916666666666667,13.4444444444444,4,4,22,.181818181818182
5.16003E+15,2025/4/27 12:55,August_babygirl,6559718236?refer_flag=1001030103_,#蔡徐坤名誉维权曾要求赔偿百万#只知道蔡徐坤胜诉了！法院判定诽谤成立，要求被告赔偿+登报正式道歉，判决已生效。甭管多少，反正现在被告付不起被申请强制执行，还态度嚣张公然继续造谣。信誉低劣败诉拒不执行的诽谤者一位，这种人说的话是谁还在听哪。记住违fa老lai人品信誉不如你我他。 ​, ,PpbzF971h,279,165,3561,红V认证,负,4.86666666666667,1.34121355397951,23.6844444444444,24,24,148,.162162162162162
5.16003E+15,2025/4/27 12:55,坤的薇薇安,6552883495?refer_flag=1001030103_,#蔡徐坤名誉维权曾要求赔偿百万#认罪伏法吧！ ​,iPhone 16 Pro,PpbzrlhQJ,21,21,210,红V认证,负,5.66666666666667,1.25,32.1111111111111,5,5,20,.25
5.16003E+15,2025/4/27 12:53,絕美蔡色,6192447099?refer_flag=1001030103_,#蔡徐坤名誉维权曾要求赔偿百万#这要的可一点不过分嗷，这位W女士炮制恶性谣言的可怕程度可是差点毁掉一个艺人的职业生涯。而且所得赔款蔡徐坤都会投入公益教育中，要的多捐的多，赔的少捐的少，我很同意多要多捐。 ​,iPhone 14,PpbyvjESC,135,142,820,橙V认证,负,4,3.30238095238095,16,13,13,133,.0977443609022556
5.16003E+15,2025/4/27 12:50,我k对人类过敏,6448659421?refer_flag=1001030103_,#蔡徐坤名誉维权曾要求赔偿百万#我支持法律正义，不支持违法老赖。不会有人三观不正吧？ ​, ,PpbxnnhMr,13,11,151,红V认证,负,5,1.17857142857143,25,2,2,11,.181818181818182
5.15357E+15,2025/4/9 17:24,喜欢下雪天的猫,7777351033?refer_flag=1001030103_,#蔡徐坤 走花路#cxk ❤⸝  ᶫᵒᵛᵉ ♡  把美好分享给你  想带你看遍这日升月落的温暖人间@蔡徐坤 ​,蔡徐坤超话,PmtDSq4xz,14,25,4,黄V认证,正,9,.487012987012987,81,24,24,25,.96
5.15353E+15,2025/4/9 14:48,我k对人类过敏,6448659421?refer_flag=1001030103_,"""""""#律师解读蔡徐坤胜诉#蔡徐坤胜诉的重大社会意义：1.法院援引《民法典》明确网络言论边界，强调""""""""捏造歪曲事实""""""""需承担法律责任，【为同类案件提供判例参考。】2.【案件还推动《网络诽谤行为刑事自诉指引》的修订研讨。】  ​​​""""""", ,PmsCtqTOf,81,31,617,红V认证,正,9,-.715384615384615,81,7,7,31,.225806451612903
5.15329E+15,2025/4/8 22:28,想问你的脸疼吗,7762395960?refer_flag=1001030103_,知道我们为什么能赢吗？不是喜欢理时间线吗？来吧！正大光明的告诉你！230715 新加坡演唱会，万人场爆满，很坚强！一口气演完，褪下华服，干干净净，清清白白，顶天立地站在那里，决定硬刚到底！230822 七夕，好久不见的他，出现在合作伙伴的社交账号，戴的帽子瞬间售罄，别人七夕投入的yx费，敌不过你的一张照片231006 大马演唱会，12000+，新歌首唱“I'm so sick of this game，They throwin' dirt on my name”万念俱灰的当下，我们确定心意，选择勇敢前行231009  新歌《Spotlight》官摄舞台上线，2小时34分，播放量过亿231122  新歌《Spotlight》 全球同步上线，首周横扫六平台，斩获16个主榜第一240124 “由你榜年度创作歌手”专辑《现象（phenomenon)》“由你榜年度EP”240131  新歌《Ride or die》上线，历时三个月，上线9小时，空降所有榜单TOP1️⃣海外各地区iTunes持续登顶高位240206  登封PORT中文版开季封面，秒罄11W余册240521  无考察期空降范思哲全球品牌代言人，官宣当日，万余晒单再次震惊业内。随后的百万线下团购也是震惊所有人（之后待遇可查，此处省略一万字）240605 新歌《Afterglow》试听登录范思哲全球官网。登上billboard头版头条，分享创作历程240609  新歌《Afterglow》全平台上线，一如既往刷新记录！240615  连续两天上线2024线上演唱会，《KUN 2024 ART LAB LIVE》240802  生日当天凌晨，新歌《Remedy》全球发行，一上线就引来13W+人收听240802  新歌《Remedy》受邀登陆格莱美Grammy Global Spin项目，代表中国音乐人，向全世界展现舞台魅力240803 福布斯官网发布蔡徐坤专访，高级撰稿人，纽约资深音乐记者Hugh Mclntyre跟他一起分享他的音乐故事240814 空降top男刊《时尚先生》金九封面，身穿24秋冬高定240820 空降AVIA爱威亚全球品牌代言人。10分钟全平台破千万销售额，同款球鞋破1W双，同款棒球服2秒清空240823 登The Fashionisto权威时尚网站，接受《滚石杂志》（Rolling Stone）采访，时尚与音乐权威网站热度双第一240920  巨星闪耀米兰时装周！所到之处人声鼎沸，9套造型，前排看秀，穿梭在各个时尚大佬之间social，从容大气，星光无限，数百家媒体争相报道，“You Rocked Milan”是对他的最高褒奖。我来，我见，我征服！240925  转战巴黎时装周，一头红发，一把黑伞，身穿未发布2025SS秀款西装，受邀出席法国高定品牌Mugler2025春夏大秀，跟Cardi B、Anitta相邻看秀，让巴黎见识到了中国顶级时尚icon的风采，伞下那一指，内外网火速出圈。法国Vogue单人报道，也是此次四大春夏时装周期唯一报道的中国名人！法国GQ、MTV、费加罗法国母刊、Paris Match等数百家媒体专题报道，中国巨星、CPOP领军人物引进风潮241009  Left.io发布中国名人时装周EMV，蔡徐坤带领Versace登顶时装周EMV  TOP1️⃣，带领Mugler跻身巴黎时装周EMV  TOP5️⃣241011 Launchmetrics公布SS25米兰时装周MIV，蔡徐坤以310W美元MIV登上米兰时装周亚太名人榜前🔟，唯一上榜🇨🇳人，也是唯一一位EMV MIV双上榜的中国人！凭一己之力领军🇨🇳区69%241113  凭借《Afterglow》拿下「Billboard Global NO.1S」中国区代表241115  应邀出席Versace上海恒隆周年庆活动241203  出镜荷兰版《Numéro》电子刊封面241217  「Billboard Global NO.1S」特刊正式发布，蔡徐坤是首位🇨🇳区代表！作为CPOP领军人物，与全球十多个国家的音乐人，共襄年度荣誉盛典。241120  官宣蔡徐坤出任梅森马吉拉香氛身体护理代言人，连续72小时霸占热榜☝🏻，官宣前店铺三星半，官宣后，升至四星241231  《Remedy》斩获2024华语记忆歌曲TOP1️⃣250106 腾讯音乐榜发布年度成绩，年度歌手，年度创作歌手，年度创作歌曲，年度MV均TOP，2024发布的三首单曲均上榜，雄霸各项榜单250109 西藏地震，在当天就第一时间捐助10W善款，因为是“哑巴”，不会买yx，几天后才被人发现。而这对我们来说，是常态。250211  内外网同步官宣法国Mugler首位香水全球品牌代言人250214  蔡徐坤自制网站预告，送给粉丝的情人节礼物250219  出席Tatler亚洲最时尚大赏，作为唯一受邀的内地艺人，当晚与何超凤女士，Tatler Asia主席等重要嘉宾共享襄盛举，当天为他而来的人，挤爆了澳门。250228  CT彩妆创始人首次用了“global brand ambassador”向全世界官宣的全球彩妆代言人蔡徐坤这是我用了一套天，用最简洁的方式呈现了，这两年被重创后的成绩单，国内外均有活动，低调罢了，内容实在太多了，图片随机精选，一切可查！放眼整个内🐟，谁能做到？面对不公，他不妥协，不卖惨，不诉说，沉淀自己，提升自己，引导粉丝好好生活，分享看展、录音室、风景等日常，不管音乐，时尚，慈善，都一直努力践行他的责任，这期间积极等待法律的结果，到今天，终于还他清白！整理完，泪流满面，这两年，不负时间，不负粉丝，更不负他自己！#蔡徐坤胜诉# 收起d,蔡徐坤超话,PmmcMcuPN,932,277,3172,红V认证,正,4.9344262295082,1.18823862029969,24.3485622144585,54,54,266,.203007518796992
5.16005E+15,2025/4/27 14:45,秀才侃娱乐,1743483083?refer_flag=1001030103_,#蔡徐坤 正义会迟到但不会缺席#   早已经塌房的蔡徐坤，试图用“胜诉”洗白自己的手段太卑劣了。今天又来了个热搜词条，我看看他们还能整出什么花来…… L秀才侃娱乐的微博视频  ​,微博视频号,Ppci85AwT,129,416,5412,橙V认证,中,9,-.97563025210084,81,2,2,189,.0105820105820105
5.16004E+15,2025/4/27 13:59,密斯特扒,7792934958?refer_flag=1001030103_,吃瓜w 女士全平台吃瓜， 有网友发现w 前后表述态度不太一致，说自己此前动机是粉丝想帮偶像洗白，但朋友圈又发文说自己“能毁”一个人。判决书里怕担责说蔡徐坤彻底凉了才接受连麦爆料的这种话，还主动爆自己背后有人策划……甚至还被爆出曾经追车 网友顺着她爆的账号爬到隔壁，发现跟微博完全不是一个人，说实话这种互联网小作文升堂背后的弯弯绕太多了，互联网不是法院，网友不是法官，既然判决了那就相信法律的裁决。 #蔡徐坤事件W女士# 收起d, ,PpbZk4TLk,42,73,724,橙V认证,中,9,-.857142857142857,81,4,4,54,.074074074074074
5.16004E+15,2025/4/27 13:28,KUN的红姐,5239677643?refer_flag=1001030103_,#蔡徐坤名誉维权曾要求赔偿百万# 有犯法者依旧公然挑衅中国法律权威、藐视司法判决、持续作恶——说的就是造谣败诉后且不履行判决被强制执行的老赖❗️❗️❗️ ​,蔡徐坤超话,PpbN47RDf,19,11,274,橙V认证,负,5,9.81818181818182,25,0,0,12,0
5.16003E+15,2025/4/27 13:16,观棋煮茶作个闲人,5874172277?refer_flag=1001030103_,#蔡徐坤名誉维权曾要求赔偿百万# ｜ 温馨提醒：W女士跟其背后的人（合理推测）再继续猖狂下去，就不是蔡个人的事了哦这事情的性质，已经从“蔡徐坤个人维权”，上升到‼️有人（W）在公然挑衅中国法律权威、藐视司法判决、持续作恶的问题了。 ​,小福星KUNiPhone客户端,PpbHR8oGI,24,22,271,红V认证,负,9,-.201680672268908,81,2,2,24,.0833333333333333
5.16003E+15,2025/4/27 12:57,骂我老公死无葬身之地,7295935864?refer_flag=1001030103_,#蔡徐坤事件W女士#太吓人了 原来蔡徐坤一直在被人公/然威/胁‼️‼️ ​, ,PpbAkgNdv,1023,597,6996,红V认证,中,9,-3.08789592760181,81,71,71,337,.210682492581602
5.16003E+15,2025/4/27 12:57,KUN的红姐,5239677643?refer_flag=1001030103_,真讽刺，要是身边有这种人……渍渍渍，想想都害怕！奉劝老赖W，赶紧去履行作为败诉者该履行的判决吧！再怎么狗急跳墙也改变不了作为造谣者已经败诉的事实！#蔡徐坤名誉维权曾要求赔偿百万# ​,蔡徐坤超话,PpbAckhp7,36,27,219,橙V认证,负,9,-1.58730158730159,81,5,5,25,.2
5.16003E+15,2025/4/27 12:55,坤的薇薇安,6552883495?refer_flag=1001030103_,#蔡徐坤名誉维权曾要求赔偿百万#认罪伏法吧！ ​,iPhone 16 Pro,PpbzrlhQJ,21,21,211,红V认证,负,5.66666666666667,1.25,32.1111111111111,5,5,20,.25
5.1597E+15,2025/4/26 15:21,爱心妈咪0102,1610893822?refer_flag=1001030103_,🏆直播间总曝光【1000万+】 🏆同时在线人数【超10万+】 🏆点赞数【3600万+】 🏆总观看人次【近230万】 🏆直播间商品【全部售罄】 🏆抖🎶带货榜【双榜第一】顶流就是这样的蔡徐坤实🔥#蔡徐坤直播突然被封# ​,iPhone 15 Pro Max,Pp367gLJY,49,23,488,红V认证,负,0,.666666666666667,0,3,3,24,.125
5.1597E+15,2025/4/26 14:57,小葵发电站,2305041882?refer_flag=1001030103_,天雷滚滚我也不怕劈的黑子全掉渣渣突破天劫我笑哈哈逆天改命我吹喇叭嘀嗒嘀嗒我滴滴嗒#蔡徐坤直播突然被封# . ​,iPhone 15 Pro Max,Pp2WqxDHw,228,97,2518,红V认证,负,5.66666666666667,.757309941520468,32.1111111111111,8,8,74,.108108108108108
5.15969E+15,2025/4/26 14:30,卉I坤,5531610171?refer_flag=1001030103_,#蔡徐坤直播突然被封#既然还在前排那就铺个官方战报吧🏆直播间总曝光【1000万+】 🏆同时在线人数【超10万+】 🏆点赞数【3600万+】 🏆总观看人次【近230万】 🏆直播间商品【全部售罄】 🏆抖🎶带货榜【双榜第一】  抖🎶旗舰榜单No.1 彩妆香水榜单No.1 微博文娱榜单No.1 微博综搜榜单No.2 收起d,HUAWEI Pura 70,Pp2LE8x7Q,41,14,834,红V认证,负,9,-.309523809523809,81,0,0,13,0
5.15968E+15,2025/4/26 13:41,我k对人类过敏,6448659421?refer_flag=1001030103_,#蔡徐坤直播突然被封#评论说得太对了：不管什么音乐，他做了就是主流。 ​, ,Pp2rPeJcG,16,15,809,红V认证,负,3,2.1,9,2,2,14,.142857142857143
5.15967E+15,2025/4/26 13:26,施兄评测,1898587152?refer_flag=1001030103_,#蔡徐坤直播突然被封#真的只是说英文直播被封的原因？不认识的还以为是歪果仁在直播呢 ​, ,Pp2ls5YBH,14,101,374,红V认证,负,9,-1.53409090909091,81,17,17,81,.209876543209877
5.15967E+15,2025/4/26 13:00,困困困我是三困,6656632178?refer_flag=1001030103_,【非教育类直播频繁使用英语不及时翻译造成技术故障导致中断】 CT创始人是外国人，只会说英语，因为外语使用太多下播后，几分钟就恢复直播，蔡徐坤和主持人继续用中文正常直播，毫无问题。这些内容都有全程录屏可看，别一天天的断章取义，看个标题就以为是真相，🧠不要就捐了。#蔡徐坤直播突然被封# 收起d,困困iPhone客户端,Pp2aTioeg,26,18,407,红V认证,负,2,.566666666666667,4,3,3,17,.176470588235294
5.15966E+15,2025/4/26 12:48,拉布拉蝶儿,7718634289?refer_flag=1001030103_,#蔡徐坤直播突然被封# 因为平台直播限制的原因所以才会中断，看了一下好多人都因为说外语被中断诶，不过好在昨天五十分钟的直播顺利完成了，期待下一次见面！ ​, ,Pp262wWbt,30,74,89,红V认证,负,5,1.49285714285714,25,2,2,55,.0363636363636363
4.9982E+15,2024/2/5 23:22,我爱ABC小王,1081474532?refer_flag=1001030103_,王力宏超话/ #王力宏回应胜诉# /        2021年12月你说“我没有对婚姻不忠！”       2023年9月你讽刺道“我知道，真相不重要，流量最重要对不对?”紧接着第二天你又掷地有声地补充“但是流量不等同真相！”       2024年2月5日（今天）你说“谎言可以一分钟绕半地球，但真相经常需要多一点时间。”      两年多以来，为了寻求真相，还为了保护孩子们，你一直隐忍，受尽了一次次网络暴力和负面舆论的委屈和压力，即使是最爱你的粉丝们，也很难真切地体会到你一步步的艰难和心酸！但无论如何坚强的你终于冲破迷雾，迎来拨云见日之时！       @王力宏 维权之路漫漫，我们会一直给你有力支持，期待新的一年有更多的好消息 收起d,王力宏超话,NFcyBqnAt,26,75,396,橙V认证,中,3.83333333333333,3.58741258741259,14.6944444444444,11,11,57,.192982456140351
4.99814E+15,2024/2/5 19:33,娱圈小酱,7455083266?refer_flag=1001030103_,王力宏回应胜诉知名歌手王力宏在自己的社交媒体账号上发一则动态：“谎言可以一分钟绕半地球，但真相经常需要多一点时间。谢谢法院捍卫真相...... ​​​,微博网页版,NFb3H1FUa,23,23,29,黄V认证,未知,3.66666666666667,3.11111111111111,13.4444444444444,0,0,12,0
4.99811E+15,2024/2/5 17:28,邓炯源,5897723972?refer_flag=1001030103_,男人因离婚事业受挫了，是能慢慢恢复的，但相对女方，更多是拿离婚分的老本，带着孩子岁月静好。这一幕，现实中不少男人早就看在眼里，所以不怕离，也不怕闹。在现实中，婚姻内的博弈不会比王力宏和前妻李靓蕾的戏容易，两者互斗的解决就是没有赢家，最后看谁更快恢复过来，开始自己第二段人生曲线。感觉我做过的案例，从女方角度分析：要是发现另一半不忠，要闹离，而且他一副不在意的态度，我们该怎办？首先要看自己想要怎样的结果？是要尊严，还是家庭？要是要尊严，那就跟对方去拉扯去闹，结果自然也不会很好。因为你们两者的段位在婚前就决定的了，男方往往有足够的人脉和钱去摆平这件事对自己的影响，哪怕最后两败俱伤了，他也会比你恢复得快。要是想要家庭，我建议就要进一步看，对方要是触碰到你底线了，我们是需要反击的，但反击的方式需要分析，不是一股脑把所有的牌都出了，对方就会认输。要围绕几点原则：1、对方的软肋只要是个人，就会有软肋。哪怕你认为他心理不正常，也有逃避敏感的心理薄弱点。所以我们要做的，要出的牌得围绕这些点。这样他会知道，我们并不傻，会拿捏他，要是太过分把你逼急了，也会让他不好过。2、循序渐进式出手最近不少女生喜欢写“小作文”，这种控诉对方的方式有好有不好。不好的地方在于，你会把所有了解到的他的错，全盘托出了，要是男方是个冷静的人，花一点时间分析你的话，找出漏洞，那你的“大招”算是浪费了。有手段的女人不会一下子几千字作文甩给对方，而是循序渐进出招，对方要是回避出招，我们再出招，要是对方反应剧烈，我们就暂避锋芒告诉他只是想解决问题，但他这个反应我们没法谈。在谈的过程，也是控制对方情绪的过程，让他爆发不起来，也逃避不了，这样节奏才掌握在自己手里。最后，就是要始终掌握主动权。当对方问你要什么条件才肯离时，我们不轻易提想法，不然对方就会开始算计主动权就不在自己手上了。主动权的掌握，不是谁大声，说话多就有的，而是谁掌握家庭核心利益。像婚内关系的博弈做好了，对方会认错会服软，回归家庭跟你找出路；但要是自己能力不足，对话失控对方认为没必要谈了，结果就是互相伤害。要不想走这一步，自己的认知能力就很需要提升了。#王力宏回应胜诉# 收起d,微博搜索,NFaf5A0md,24,27,40,黄V认证,中,3.975,.647727272727273,15.800625,10,10,19,.526315789473684
4.99808E+15,2024/2/5 15:50,青春摸个鱼,2421091810?refer_flag=1001030103_,#王力宏回应胜诉# 首先恭喜王力宏能胜诉，不过，王力宏还是陈建州等朋友保持一定距离吧，很多网友会说：“能和陈建州在一起玩的算什么好人！” ​, ,NF9Bai8X6,39,46,275,红V认证,中,9,-.341269841269841,81,2,2,43,.0465116279069767
4.99807E+15,2024/2/5 14:48,Oh瑾哥,1678651025?refer_flag=1001030103_,#王力宏回应胜诉#全网欠王力宏一个道歉！ ​, ,NF9c34LpF,25,173,923,黄V认证,中,5,1.1275,25,4,4,41,.0975609756097561
4.99807E+15,2024/2/5 14:45,娱乐鲜报,1790550774?refer_flag=1001030103_,#王力宏回应胜诉#造谣一张嘴，辟谣跑断腿！正义也许会迟到，但不会缺席！纸包不住火，谎言终究会被戳穿！王力宏超话 L娱乐鲜报的微博视频 ​,王力宏超话,NF9aEjV3M,57,53,149,红V认证,中,4.33333333333333,5.2,18.7777777777778,0,0,3,0
4.86952E+15,2023/2/15 21:28,紫色泡泡的梦,1751142705?refer_flag=1001030103_,#王力宏将申请强制执行# 谢谢老师 ​,♥Fox李♥iPhone客户端,MtayzrFTa,57,33,310,黄V认证,负,3,.533333333333333,9,1,1,24,.0416666666666666
4.86931E+15,2023/2/15 7:45,圈内妹妹,1916193382?refer_flag=1001030103_,#王力宏将申请强制执行#王力宏李靓蕾离婚大戏还没结束！据台媒，王方否认败诉后，李靓蕾也通过律师发声明：近一年王力宏利用其人脉资源打压……但王力宏律师说李靓蕾罔顾事实，明明是自己被法官判决藐视法庭，反而指责王力宏消费孩子……据了解本次是强制执行王力宏对孩子的探视权。 ​,iPhone 14 Pro,Mt5apndK2,30,34,56,红V认证,负,4.33333333333333,5.6,18.7777777777778,0,0,2,0
4.8693E+15,2023/2/15 7:05,伴随成长马爸爸,2110724803?refer_flag=1001030103_,错别字不知道朋友们有没有为错别字头疼过，我曾是很头疼的那个。语文书上的生字词、古诗、古文、日积月累，从刚学到期末，少说也会默写20遍。可是20遍之后，依然有大量的同学会出错，我儿子也如此。为什么写了20遍还有错呢！因为只是走流程，没刻意记忆。之前学校的程序是抄写，听写，错一订三。这个程序能解决7.8成的生字词，但解决不了全部。不少孩子抄写时只是抄写，错一订三也只是看看正确答案，抄写三遍，并没有观察和记忆。在最关键的两个输入环节，只做了常规动作，走了流程。靠这个流程这个力度，搞不定少数顽固的易错字。必须专门针对性的记忆、背诵才行。就像地板上有个污渍，拖三遍地根本拖不掉，力度太小，只有用刮刀才能清除。对待顽固的错字，也要像对待污渍一样狠，用心和细致，才行。所以记生字词，需在原来常规程序加上几个动作。1.凡错字，必须背诵默念其部件，用部件记字法记忆，即是什么结构，由什么部件组成，让进入大脑时的印象深刻些。2.然后再默写三遍。(一定不要抄写三遍)3.把所有错字单独抄到一个本上，也算是汉字错题本，收集错字。4.每周末继续听写，只要有错重复前面动作。归根结底加了一招:加上对错字的专门记忆，主动吸收、攻克。今年寒假，我试了多半个寒假，收效甚大。#王力宏将申请强制执行# 收起d,vivo S7轻薄自拍旗舰,Mt4U7C0yT,22,12,34,红V认证,负,3.8,2.33333333333333,14.44,4,4,7,.571428571428571
4.86919E+15,2023/2/14 23:17,剧综学姐,1911213321?refer_flag=1001030103_,#王力宏将申请强制执行#据台媒，王力宏否认败诉之后，李靓蕾通过律师发声明：近一年王力宏利用其人脉资源&权势打压她……但王力宏的律师说是女方被法官判决藐视法庭，却反而指责王力宏消费孩子！据了解，本次是强制执行王力宏对孩子的探视权…… ​, ,Mt1Qc1ipm,31,35,34,橙V认证,负,4.33333333333333,5.34,18.7777777777778,0,0,12,0
4.86918E+15,2023/2/14 22:50,芒果捞微微,6101764818?refer_flag=1001030103_,#王力宏将申请强制执行#看点适合单身看的，情人节王力宏与前妻李靓蕾离婚闹得不可开交，随着他逐渐慢慢复出，事情是不是有了一个反转，孰是孰非还是需要法官评判，等待他们后续！ L芒果捞微微的微博视频 ​,微博视频号,Mt1F3rcql,88,90,90,黄V认证,负,9,-.202020202020202,81,2,2,20,.1
4.86918E+15,2023/2/14 22:47,蓝雨网事,1786628015?refer_flag=1001030103_,王力宏与李靓蕾的离婚官司到现在也没个结果，一直争执不下，两人之间真真假假，事情的真相估计只有他们自己知道。但是今天的另一个消息是广 告 公司 申请 冻 结王力宏公司C产，总计约901万！这件事要有个结果肯定是要有人先退一步，不知道是谁会愿意退这一步呢？或者还会再打一场旷日持久的仗？#王力宏将申请强制执行#、 L萝莉追剧了的微博视频 收起d,HarmonyOS设备,Mt1Ec1G6R,55,52,92,橙V认证,负,5,6,25,0,0,12,0
4.86917E+15,2023/2/14 22:12,OurHome王力宏歌迷会,1646029765?refer_flag=1001030103_,#王力宏将申请强制执行# 王力宏律师叶伟立回应《TVBS新闻网》：“1，法律讲求证据，情绪性发言，大可不必。2，我们本来就认为家事不应该占用媒体资源，请李靓蕾小姐不要再主动向媒体煽风点火，若不是昨天李靓蕾小姐自己发IG限时动态，故意引起媒体报导，王力宏先生何须被迫回应？3，前次说明所指的“违反裁决”，非单指《儿少法》，李小姐律师不必偷换概念，证据具在，向法院求证，有何不可？与所谓『塑造虚假形象』又有何关系？为何一直要引导大众舆论方向？4，王力宏没有在美国请求停止给付扶养费，而且到现在还是按期给付扶养费，对方造谣。5，王力宏律师所述句句属实，社会及司法程序自有公评。希望案件回归司法程序。6，王力宏先生既是父亲，也是歌手。思念乃人之常情，天经地义，歌手写歌也是自然不过的事。我们对此深表遗憾。”  假话越说越假，真话越说越真。 事实真相不会以媒体声浪決定，相信司法公正！ 收起d,王力宏超话,Mt1pM5oSf,180,129,1087,蓝V认证,负,9,-.331168831168831,81,13,13,102,.127450980392157
4.86914E+15,2023/2/14 20:31,海牛蕾姆,7206470610?refer_flag=1001030103_,#王力宏将申请强制执行#说王力宏是劣迹艺人的言论还能有那么多赞也是醉了，王力宏算什么劣迹艺人，被前妻讹诈就算劣迹了吗？王力宏的官司可是打赢了，这要是劣迹，每个被小诬女写过小作文的都算劣迹了？美国法院并没有采信李靓蕾的说法，因为在法庭上可是要摆事实讲证据的，人家可不会跟某官媒一样，在事实不明的时候，第一时间下场站台。王力宏属于小作文受害者，而不是劣迹艺人，《天地龙鳞》这么好的歌没能上春晚，也是所有人的损失。如果非要说他做错了什么，应该是硬吃了仙女们的伤害没死罢了。当代小作文就是狼来了网络版，在没有证据的情况下，就应该直接站边男性，否则今天朱军王力宏，明天诸君往里轰。还是那句话，忠心希望所有小作文作者都能喜提6个月刑期。 收起d,微博 weibo.com,Mt0KRit77,60,221,2064,黄V认证,负,9,-.87979797979798,81,9,9,67,.134328358208955
4.86914E+15,2023/2/14 20:10,新浪娱乐,1642591402?refer_flag=1001030103_,#李靓蕾方称受到王力宏打压# 据台媒，王力宏方否认败诉后，，爆料这一年王力宏利用其人脉资源以及权势打压她，和规避应当履行的义务，强调王力宏在美国法院所提动议及相关诉讼确实均遭美国法院驳回，仅剩王力宏请求停止负担家人抚养费的诉讼，还有待法院裁判。希望王力宏不要利用家人作为复出宣传的工具。对此，王力宏律师再回应，“1.我们本来就认为家事不应该占用媒体资源，请李靓蕾不要再主动向媒体煽风点火，若不是昨天李靓蕾自己发IG限时动态，故意引起媒体报道，王力宏何须被媒体追着被迫回应？2.王力宏律师所述句句属实，社会及司法程序自有公评。希望案件回归司法程序。3.没有在美国请求停止给付扶养费，而且到现在还是按期给付扶养费，对方造谣。4.思念乃是人之常情、天经地义，对这一切深表遗憾。” 收起d,微博网页版,Mt0C5ipGp,56,598,6283,蓝V认证,负,9,-1.2434270765206,81,13,13,194,.0670103092783505
4.86914E+15,2023/2/14 19:56,内娱公子哥,5625323470?refer_flag=1001030103_,#王力宏将申请强制执行#王力宏这件事真的就说明了家和万事兴真的很重要，可以看看王力宏新歌想见就能相见歌词：“我离你如此近，却像隔着一片大海，毕竟才七百米的路，却无尽的等待”，其实我最想知道这歌词是真实发生的事还是自己编出来的呢？离700米为什么不能见面？  L寒公子Sir的微博视频 收起d,SVIP推荐官,Mt0wDAKGu,59,63,143,橙V认证,负,4.5,0,20.25,8,8,15,.533333333333333
4.86913E+15,2023/2/14 19:29,尙方,5995030048?refer_flag=1001030103_,#王力宏将申请强制执行# 真搞笑，这是去年9月份的新闻，今天又有新思路了？王力宏和李女士还没有离婚，现在产生的债务还是双方共同债务，且双方共同财产已被纽约司法冻结，所以暂时王力宏还没办法正式处理与申请人间的纠纷，因为这件经济纠纷需双方共同财产承担 ​​​ 收起d,微博bb机,Mt0lC5gqm,21,41,135,黄V认证,负,3.66666666666667,.347222222222222,13.4444444444444,8,8,25,.32
4.86913E+15,2023/2/14 19:26,OurHome王力宏歌迷会,1646029765?refer_flag=1001030103_,#王力宏将申请强制执行#  新闻报道：【王力宏所属叶伟立律师声明：李靓蕾小姐不遵守台湾法院裁定（台北地方法院111家暂字27号、111家暂字91号)】“我们会依法声请强制执行。李靓蕾不遵守纽约法院三次裁定，也不遵守台湾法院二次裁定。至今仍然无视法院裁定，完全不遵守。本案件法院尚在审理中，不乐见俩造家事占据媒体版面，事实不以媒体声浪決定，应回归司法程序，以维护子女的最大利益”👍🏻👍🏻网络不是法外之地，相信法庭会给予公正裁决。正义虽然迟到，法律不会缺席。 收起d,王力宏超话,Mt0kkzOND,138,125,966,蓝V认证,负,3.66666666666667,.44253859348199,13.4444444444444,14,14,86,.162790697674419
4.86912E+15,2023/2/14 18:38,李屋屋啊,7576467750?refer_flag=1001030103_,情人节当日，王力宏、李靓蕾两人继续隔空开火！李靓蕾火速透过律师作出最新回应：1.靓蕾绝无违反裁定之情，一直以来违背法律及双方十多条协议约定的都是王先生。2. 这一年来王力宏先生利用其人脉资源，以及权势不断打压靓蕾和规避应当履行的义务。3.王先生相关诉讼确实均遭美国法院驳回确定，仅剩王先生请求停止负担家人扶养费的诉讼，还有待法院裁判。请王先生及其律师正视败诉的事实。4.希望王先生让家人回归平静安稳的生活，不要利用家人作为复出宣传的工具。”此前，李靓蕾13日发文轰：“不要再消费孩子。”、“摘下面具做人很难吗？”李靓蕾更透过律师发表声明强调2人在美国法院的诉讼案，王力宏已确定败诉终结，指控其“恶意造谣”，王力宏律师稍也回应李靓蕾二次违反法院裁定，诉讼持续进行中，“没有所谓王力宏先生确定败诉终结。” #王力宏将申请强制执行#  收起d,B2给我的iPhone 14 Pro,Mt00Qm6SY,30,307,2500,红V认证,负,0,-.670833333333333,0,5,5,92,.0543478260869565
4.8691E+15,2023/2/14 17:44,全娱乐,2687812521?refer_flag=1001030103_,#王力宏将申请强制执行# 今日王力宏所属律师发出声明称：李靓蕾小姐不遵守中国台湾法院裁定 (台北地方法院111家暂字27琥、111家暂字91号)王力宏将依法申请强制轨行。李靓蕾不遵守纽的法院三次裁定，也不遵守台湾法院二次裁定均事实，可以向法院查证。也没有所谓王力宏败诉一说。王力宏非常期待与家人正常碰面。 收起d, ,MsZEY1wrH,396,472,398,蓝V认证,负,3,1.39285714285714,9,2,2,39,.0512820512820512
4.94759E+15,2023/9/19 8:05,红星新闻,6105713761?refer_flag=1001030103_,【#小慧君虚构性骚扰事件新进展#】5月20日，拥有千万粉丝的博主“小慧君”社交网络账号被封。随后，一份法院判决书引起热议。该判决书中认定小慧君等人为实现“低成本”解约目的，虚构赤度公司法人孙灏羽性骚扰的短视频，用舆论施压赤度公司，其行为侵犯赤度公司名誉权。多条小慧君所在微信群聊截图显示，讨论内容包括具体文案等。此前，小慧君曾在抖音等社交网络平台发布视频，控诉被孙灏羽性骚扰，引起热议。9月18日，孙灏羽在社交媒体发布一份刑事裁定书，称“诽谤罪刑事已立”。孙灏羽告诉红星新闻记者，自己于最近一两日收到这份裁定书，目前正在等待开庭。O网页链接 L红星视频的微博视频 收起d,微博视频号,NjY9ssSH9,122,713,8668,蓝V认证,负,9,-.946583850931677,81,7,7,127,.0551181102362204
4.94759E+15,2023/9/19 7:55,九派新闻,7516679696?refer_flag=1001030103_,【#孙灏羽称民事胜诉后仍遭网暴#：希望造谣者能敬畏法律】 9月18日，孙灏羽发文称小慧君涉嫌诽谤罪一案已刑事立案。他称“一味地忍让，就是对造谣者的纵容。诽谤罪刑事已立。”孙灏羽告诉九派新闻记者，2020年事发后，父母家人都受到了很大的影响，对公司也有着毁灭性的打击，解约的网红高达几百上千人。孙灏羽称，民事诉讼胜诉之后，仍受到一些网暴，但减少了很多。他还表示，至今都未收到小慧君的道歉，希望这个案例能够让造谣者敬畏法律。对此，小慧君表示，暂未收到法院消息并让记者五分钟后再联系，等记者再打电话时，发现其已关机。据此前报道，2020年11月，小慧君（刘某慧）曾哭诉被赤度文化公司总经理孙灏羽性骚扰，随后网红姚某杰（“老婆爱吃巧乐兹”）发视频支持，还称被赤度文化公司骗了。孙灏羽表示，刘某慧和姚某杰夫妇的指控不实，起诉2人。2022年6月，法院认定，刘某慧指控的孙灏羽性骚扰一事为虚构。@九派新闻 L九派新闻的微博视频 收起d,微博视频号,NjY5axoqJ,29,58,679,蓝V认证,负,9,-1.55357142857143,81,3,3,29,.103448275862069
5.15147E+15,2025/4/3 22:09,大脸看电竞,6822793633?refer_flag=1001030103_,#uzi妻子宣布胜诉#所以互 联 网造 谣成本太 低 了。。。4年才结束！  L大脸看电竞的微博视频  ​,英雄联盟超话,PlAWkugrr,23,45,567,红V认证,正,0,.20952380952381,0,2,2,22,.0909090909090909
5.15147E+15,2025/4/3 22:07,英雄联盟神吐槽,5679399630?refer_flag=1001030103_,Uzi妻子奥咪咪公布起诉造谣者结局：4个案子全部胜利，想让大家知道互联网不是法外之地！此前 Uzi妻子奥咪咪被多个平台网友疯狂造谣黑历史，忍无可忍的奥咪咪在23年前通过法律程序起诉了部分网友结尾奥咪咪还表示会继续抓造谣者，且拒不和解！#奥咪咪胜诉# ​,英雄联盟超话,PlAVD376G,116,299,698,红V认证,正,9,-2.41228070175439,81,3,3,25,.12
5.1515E+15,2025/4/4 0:16,竞爱唠唠嗑,7491737266?refer_flag=1001030103_,#奥咪咪胜诉#炫 神全力支持uzi 妻 子，造，谣成本太低了！！ L竞爱唠唠嗑的微博视频 ​,英雄联盟超话,PlBM5bZp7,24,28,556,橙V认证,正,5,1.73333333333333,25,2,2,13,.153846153846154
4.91107950605348E+15,2023-06-10 13:47,尙方,https://weibo.com/5995030048?refer_flag=1001030103_,#霍尊前女友涉嫌敲诈勒索案已移交检察院#奉劝霍尊不要出具谅解同意书，这种捞女就应该送她进去。勒索不成就在网上散布小作文，截图和恶意拼接群中对话，并且扬言吃定霍尊家，说他家是死要面子活受罪。把自己包装成教授级别，又说为霍尊放弃事业，通篇的弥天大谎。不过是一个伴舞，到了年龄下来开个舞蹈班，欺负网友不会扒吗？所以霍尊不要好了伤疤忘了疼，这个女人不值得原谅。你不过是她的前前男友，她晒豪车埋汰你的时候你忘了？她也不过是嫌弃你不玩综艺，不搞流量，赚不着大钱。和你要个几百万，你都拿不出来。她还大放厥词说她养着你，霍尊，你找个人看不见的地方撞脑袋去吧。你放过她，就会有更多的捞女站出来，就会纵容这种歪风邪气。再问你能不能对得起你的妈！男人的温柔不是用在蛇蝎身上的。 收起d,涨停板,N4EeapoMM,64,92,1164,黄V认证, ,5,1.3156862745098,25,10,10,61,.163934426229508
4.91103839269902E+15,2023-06-10 11:04,流水小乔人家,https://weibo.com/3186874730?refer_flag=1001030103_,#霍尊前女友涉嫌敲诈勒索案已移交检察院#拿着海狗丸说事儿的，看看这背后是怎样做的手脚，不要再被别有用心的人继续蒙骗，给一个无辜的人贴标签，给一个无辜的中成药贴标签。 ​, ,N4D9Rbk8z,22,29,187,黄V认证, ,9,-.633333333333333,81,7,7,19,.368421052631579
4.91103742434096E+15,2023-06-10 11:00,爱豆每日播报,https://weibo.com/2211019463?refer_flag=1001030103_,#霍尊前女友涉嫌敲诈勒索案已移交检察院#  所以是勒索，不是诽谤，所以是拿的什么勒索，所以是真的说了什么做了什么才能被勒索吧，虽然女方不是什么好人，但男方是不是也不无辜 ​, ,N4D8iidhu,49,51,292,红V认证, ,5,6,25,0,0,6,0
4.91096145186039E+15,2023-06-10 05:58,醉红唇_,https://weibo.com/5400501139?refer_flag=1001030103_,#陈露 王萌#在整理自己微博关于尊尊的事件真相的视频，发现这个上海小姐姐对于案件的分析。当时就觉得这个视频说的真不错。一个案件从报案到最后的审判就是需要些时间。分手后要分手费也不是这样用威胁的角度要呀！这不是涉嫌敲诈勒索是什么？而支持涉嫌敲诈勒索的人真的是无法理解。最起码的三观有吗？遵纪守法懂吗？人的一生，就只有一个男女朋友吗？难道我们每个分手的人，都去敲诈勒索前任吗？#霍尊前女友涉嫌敲诈勒索案已移交检察院# L汪秀华_的微博视频 收起d,汪秀华娱评Android,N4B9L7NYl,125,130,183,红V认证, ,5.66666666666667,1.85714285714286,32.1111111111111,6,6,26,.230769230769231
4.91095609232627E+15,2023-06-10 05:37,醉红唇_,https://weibo.com/5400501139?refer_flag=1001030103_,#霍尊前女友涉嫌敲诈勒索案已移交检察院##陈露 王萌# 所以网络真的可以凭一篇虚假编造的小作文，可以毁了一个公众人物，更别说普通的你我了。而网友只负责吃瓜🍉，他们根本不在乎真相。这就是网络时代的悲哀，信息碎片化。希望霍尊早一天彻底不被小作文困扰，回归正常的工作🎤和生活🧂。#霍尊#L汪秀华小娱的微博视频 收起d,汪秀华娱评Android,N4B179Law,117,117,139,红V认证, ,4.27272727272727,1.71428571428571,18.2561983471074,2,2,12,.166666666666667
4.91089550927538E+15,2023-06-10 01:36,圈内容嬷嬷,https://weibo.com/6624782994?refer_flag=1001030103_,#陈露 王萌# 热一这个“唯一纯白的茉莉花儿”，她不是霍尊的人，她是靠拉踩，打女权，博关注，赚取微薄共享计划收入的。所以你们在男女对立的热门话题，经常看的到她在热门，因为微博官方也喜欢她这种人，可以拉动话题讨论。大部分都是骂她的，她根本不在意你们骂她，你骂的越凶，她互动数据就越高，然后她的广告收入就越多，人家7天可以赚9000，就是靠你们骂来的#霍尊前女友涉嫌敲诈勒索案已移交检察院##娱乐评论大赏# 收起d, ,N4zroCUWW,37,78,166,红V认证, ,9,-.805743243243243,81,5,5,53,.0943396226415094
4.91089132388629E+15,2023-06-10 01:19,凯雷,https://weibo.com/1496883514?refer_flag=1001030103_,#霍尊前女友涉嫌敲诈勒索案已移交检察院#敲诈场景曝光：该视频为当年5月中旬陈露王萌到霍尊工作室以曝光群聊口嗨且是经剪切编辑的隐私聊天记录索要巨款时的场景，但此时两人已因陈露提出分手半年以未再联络，各已有新感情。霍尊表示自己实在没有900万后。王萌：这个好像不是我们要考虑的问题。我可以给你期限，可以给你好好说。5个月吧。陈露：你可以借钱，你身边那么多好兄弟。王萌：我银行也有关系，可以帮你做抵押的。霍尊：那还是话说回来，我得看到资料啊。因为协议已经到这一步了。王萌：我们先把协议做了吧。差不多就是5个月吧。陈露：我可以宽限18天到918，当他生日那天，我对他多好呀#霍尊前女友涉嫌敲诈勒索案已移交检察院#L独立平的微博视频 收起d,iPhone 7 Plus,N4zkEgj01,30,60,291,红V认证, ,9,-.73015873015873,81,3,3,23,.130434782608696
4.91087502062605E+15,2023-06-10 00:15,根正苗红的贫农,https://weibo.com/5449687795?refer_flag=1001030103_,#霍尊前女友涉嫌敲诈勒索案已移交检察院# 陈露当初说“我知道我这是犯罪，但他不会报警的，他全家都死要面子活受罪”，知法犯法，陈露王萌主动上门敲诈，小作文却说霍尊设局送她进监狱；霍尊叫人提醒她“这是敲诈，是犯罪”，劝她收手，她偏不，还报假警诬陷别人拘禁她，继续敲诈。这下好了，把自己给锤进去了！#不是谁会写小作文谁就有理# 收起d, ,N4yUm2CRw,16,44,321,黄V认证, ,9,-1.28787878787879,81,2,2,17,.117647058823529
4.91086523898342E+15,2023-06-09 23:36,山海童子,https://weibo.com/6081118494?refer_flag=1001030103_,#霍尊前女友涉嫌敲诈勒索案已移交检察院#广场上扯你大爷的出轨啊，他和现女友在一起的时候两个人早分手了，陈露跑回来敲诈他的时候，陈露自己都又谈了一个又分手了，他都货真价实的“前前男友”了，这轨都不是一个轨了，出毛线！还有扯什么“是敲诈勒索不是诽谤，所以陈露说的是真的”这两个有什么因果关系么？首先先刑事再民事，他这个敲诈勒索是公诉案件，他得等这个刑事案件结束了再考虑民事，为什么有些人会觉得敲诈勒索立案了后面别的就不能告？再一个，谁规定了敲诈勒索的威胁内容就必须得是真实的？你要是被人威胁“你今天不V我50，我就把这张图发给你朋友圈所有的人”，对方附上一张p了你的脸的人再大街上拉💩的照片，让你看着办，你怎么办？当然有猛人敢于直面社死，但是更多的人还是会觉得真要发出去，这玩意儿就算自己说是p图也解释不清吧？况且就算解释了，自己在别人眼里的形象是不是毁了？普通人尚且如此，霍尊一个艺人，他敢赌吗？实际上他就是解释不清了，当那些“爆料”发出来的时候，不论内容有多么的虚假，总是有人相信是真的，比如说今天在广场上骂的这些人。 收起d,HUAWEI Mate 30 5G,N4yEzBGZN,35,32,200,黄V认证, ,9,-.89010989010989,81,6,6,27,.222222222222222
4.91086511761379E+15,2023-06-09 23:35,钮钴禄-山海,https://weibo.com/1631905691?refer_flag=1001030103_,#霍尊前女友涉嫌敲诈勒索案已移交检察院#没意思，但最后再说一遍，海狗丸是屠化冰在群里推荐的b健品、玩音乐玩女人是出于其他群成员之口、琵琶精不止是他现女友的外号也是方锦龙大师的外号，另外屠化冰外号笛子精、随身的套是口罩、沪上xx原名湖上青玉柳、女人这x样该打s吧啦吧啦是评论短视频，其后续对话是我家露露特别好等凡尔赛发言。以上皆有真凭实据，有兴趣的可以移步独立平和陈岚的微博。以我今时地位吧啦吧啦仅出现于陈犯小作文，没有任何其他佐证、私人电影院夯多少次只要夯的不是你都和你没关系，有意见的先回去和你爹妈理论一下为啥当年把你夯出来。最后，你可以不喜欢甚至反感霍，就如同别人也可以反感你，但你的反感不是你网暴别人和继续替犯罪分子传谣的理由，就这样。 收起d,iPad air,N4yEnvWH1,28,32,181,黄V认证, ,4.42857142857143,.785714285714286,19.6122448979592,6,6,22,.272727272727273
4.91085930928601E+15,2023-06-09 23:12,山海童子,https://weibo.com/6081118494?refer_flag=1001030103_,#霍尊前女友涉嫌敲诈勒索案已移交检察院#我一直觉得陈露这种行为，是对真正需要帮助的人的伤害，如同狼来了的故事一样，一次又一次的消耗人们的信任和同情心，而为这一切承担后果的，是真正需要帮助的弱势群体。这个就和扶老人，面对陌生人求助的反应是一样的，原本大家都愿意付出一点善意去帮助他人，但是当大家发现扶老人有可能被讹诈，行乞者极有可能是骗子，路边请求帮助的老人可能是人贩子……于是大家或为了保护自己，或为了不再助纣为虐，选择了冷漠，于是很多真正有困难的人失去了别人援手。这种利用舆论来颠倒是非敲诈勒索的也是一样，当这种捏造谎言的情况变多，当网友们被一次次的戏耍利用，什么时候出现了真正需要帮助的人，想必大家的第一反应只能是“又来一个骗子”。所以，哪怕是为了保护真正需要帮助的弱者，也应当严惩这种窃取大家善意和同情心的盗贼，若是惩罚不够严厉，ta们付出的代价不够大，只会让更多觉得有利可图的垃圾学习这种做法！ 收起d,HUAWEI Mate 30 5G,N4yv0CXIi,25,36,247,黄V认证, ,9,-.169934640522876,81,3,3,26,.115384615384615
4.91085604612207E+15,2023-06-09 22:59,zhtttyzhttty,https://weibo.com/1553184325?refer_flag=1001030103_,#霍尊前女友涉嫌敲诈勒索案已移交检察院#所以说，受害的男人就必须要表现出大度，宽容，谅解受害者的“美好”品德，，以原谅可怜，弱小，甚至无辜的女性，对吧？因为我在2021年1月后没谅解，而是非要穷究到底，所以到如今都还每天都有小号在辱骂我。真是有种X了狗的感觉。 ​,微博搜索,N4ypKpGD0,59,201,2285,红V认证, ,9,-1.50740740740741,81,0,0,37,0
4.91085540360321E+15,2023-06-09 22:57,汪秀华_,https://weibo.com/6193203780?refer_flag=1001030103_,#陈露涉嫌敲诈勒索案进入审查起诉阶段#法律应该快🈶结果了。希望网络升堂，微博判案的事情不要在发生。希望虚假小作文不在有市场，还网络真正的清朗希望法律结果能给大家上一堂生动的课。希望法律结果出来之时 ，我们吃瓜群众要反思一下，我们要有独立思考的能力 不要被虚假舆论带偏 不妨让子弹飞一会儿#霍尊前女友涉嫌敲诈勒索案已移交检察院# L汪秀华77的微博视频 收起d,汪秀华娱评SVIP推荐官,N4yoIf7me,128,132,229,红V认证, ,4.83333333333333,1.0989010989011,23.3611111111111,8,8,20,.4
4.91085462320619E+15,2023-06-09 22:54,周易书院-玄明子,https://weibo.com/1700348544?refer_flag=1001030103_,有的人，能把“不甘心”转化成“上进心”，自利利人；有的人，只把“不甘心”转化为“嗔恨心”，自造恶业，伤己伤人。  #霍尊前女友涉嫌敲诈勒索案已移交检察院#. ​, ,N4ynsds4F,51,16,251,红V认证, ,5,5.55555555555556,25,0,0,10,0
4.9108506805559E+15,2023-06-09 22:38,汀楑,https://weibo.com/6286300738?refer_flag=1001030103_,#霍尊前女友涉嫌敲诈勒索案已移交检察院##陈露敲诈霍尊案已送检待诉# 终于看到［起诉书］ 下一步移交法院 ​,熬夜小能力Android,N4yh62kC6,13,19,130,黄V认证, ,5.66666666666667,.872727272727273,32.1111111111111,3,3,16,.1875
4.91084925921409E+15,2023-06-09 22:32,醉红唇_,https://weibo.com/5400501139?refer_flag=1001030103_,#陈露涉嫌敲诈勒索案进入审查起诉阶段#霍尊事件，法律如果做不到严惩，就会使犯罪分子越发嚣张，那样就会出现更多的陈露。以后小作文、网爆社死前任、敲诈勒索前任的会层出不穷。我相信我们国家的法律能做到严谨，因为会以事实为依据，以法律为准绳。陈露的敲诈勒索和网爆社死艺人的事件，已经立案并移交检查院，接下来法律会给出答案。 只要是与社会公理背驰的，终究会落在历史的车轮之下，惨被碾压。暂时的嚣张，只会让日后反噬的声音彻底淹没。法律、道德通通惩罚他们。因为网络舆论不可能操纵一世，只能操纵一时。真相渐渐浮出水面，法律的警钟随时等待敲响。霍尊事件，真的让我体会到网络暴力是怎么回事了！不论谁出事，都有人别有用心的带上霍尊的词条。明明看出是一起敲诈勒索案，却有些人视而不见，而在讨论霍尊的私德。好像私德比法律更大？好像他的私德比霍尊的更高?是的，希望法律能解决我们所有困惑。希望互联网环境真正做到清朗。不要让虚假小作文成为敲诈勒索犯利用的工具。#霍尊前女友涉嫌敲诈勒索案已移交检察院# L汪秀华小娱的微博视频 收起d,汪秀华娱评Android,N4yeNCF0q,140,146,315,红V认证, ,5.16,.390756302521008,26.6256,8,8,31,.258064516129032
4.91084773301511E+15,2023-06-09 22:26,是芷甯啊,https://weibo.com/7742791825?refer_flag=1001030103_,#霍尊前女友涉嫌敲诈勒索案已移交检察院#说没立案的来看看 ​, ,N4yclcEmL,12,19,105,黄V认证, ,6,.236111111111111,36,4,4,17,.235294117647059
4.9108437064772E+15,2023-06-09 22:10,醉红唇_,https://weibo.com/5400501139?refer_flag=1001030103_,#陈露涉嫌敲诈勒索案进入审查起诉阶段#就是大家都看一看，这是不是敲诈勒索?自己主动提分手的，分手8个月的前女友转头要900万  这是敲诈勒索，还会有人质疑吗？#霍尊前女友涉嫌敲诈勒索案已移交检察院# ​,汪秀华娱评Android,N4y5Qrb0T,140,145,284,红V认证, ,9,-.507936507936508,81,11,11,32,.34375
4.91084225525192E+15,2023-06-09 22:04,霍美衡的小圆脸,https://weibo.com/7510990475?refer_flag=1001030103_,#陈露涉嫌敲诈勒索案进入审查起诉阶段##霍尊前女友涉嫌敲诈勒索案已移交检察院#2013年5月霍尊与陈露开始恋爱，2014年开始霍尊就成了陈露的小ATM精：给陈露转账，给陈露零花钱，给陈露代购包包鞋子，承担陈露的日常生活开销。陈露说为捧红霍尊花了300万，这是想瞎了心？这到底是谁在给谁花钱？颠倒是非黑白真特么有一手还300万！连一张大额花销的单子都找不出来！ 收起d, ,N4y3vm2gk,71,92,787,黄V认证, ,9,-.695813953488372,81,16,16,68,.235294117647059
4.90267068439415E+15,2023-05-18 08:54,山海童子,https://weibo.com/6081118494?refer_flag=1001030103_,#霍尊否认结婚时间将近#啊这，我发现媒体真的可以三百六十度无死角环杠诶……人家说的每一句话都可以单独拆出来进行解读，每句话都能往最离谱的方向去理解。谁稀罕上这个热搜啊，好好的出个门被人狗皮膏药一样跟，几天了还不消停，人以前最红的时候也没上过几个热搜，看看这个标题离谱的程度，看看首页那个大哥的发言？这能是他自己买的？关于一些澄清：微博正文微博正文 收起d,HUAWEI Mate 30 5G,N17tyir7s,20,36,275,黄V认证, ,9,-1.15714285714286,81,9,9,27,.333333333333333
4.90266038842288E+15,2023-05-18 08:13,娱乐圈探班,https://weibo.com/1312419972?refer_flag=1001030103_,娱乐圈探班超话#霍尊否认结婚时间将近#霍尊否认结婚时间将近，对于霍尊来说，其实他有着一个足够富有的家庭，父亲火风积累的财富再加上霍尊自己作为歌手几年积累的财富都已经足够多了，足够让他和施冰岚一起幸福生活了，与其想着复出吸引关注，还不如老老实实和女友一起生活下去 ​,娱乐圈探班超话,N17cWzlaR,37,42,47,黄V认证, ,3.5,1.36363636363636,12.25,1,1,30,.0333333333333333
4.90267068439415E+15,2023-05-18 08:54,山海童子,https://weibo.com/6081118494?refer_flag=1001030103_,#霍尊否认结婚时间将近#啊这，我发现媒体真的可以三百六十度无死角环杠诶……人家说的每一句话都可以单独拆出来进行解读，每句话都能往最离谱的方向去理解。谁稀罕上这个热搜啊，好好的出个门被人狗皮膏药一样跟，几天了还不消停，人以前最红的时候也没上过几个热搜，看看这个标题离谱的程度，看看首页那个大哥的发言？这能是他自己买的？关于一些澄清：微博正文微博正文 收起d,HUAWEI Mate 30 5G,N17tyir7s,20,36,275,黄V认证, ,9,-1.15714285714286,81,9,9,27,.333333333333333
4.90266038842288E+15,2023-05-18 08:13,娱乐圈探班,https://weibo.com/1312419972?refer_flag=1001030103_,娱乐圈探班超话#霍尊否认结婚时间将近#霍尊否认结婚时间将近，对于霍尊来说，其实他有着一个足够富有的家庭，父亲火风积累的财富再加上霍尊自己作为歌手几年积累的财富都已经足够多了，足够让他和施冰岚一起幸福生活了，与其想着复出吸引关注，还不如老老实实和女友一起生活下去 ​,娱乐圈探班超话,N17cWzlaR,37,42,47,黄V认证, ,3.5,1.36363636363636,12.25,1,1,30,.0333333333333333
4.99006217492906E+15,2024-01-14 12:36,流水小乔人家,https://weibo.com/3186874730?refer_flag=1001030103_,#霍尊复出# #霍尊官宣沈阳春节戏曲晚会# 怎么这俩前部文案一样，用图也一样，第二个后面自己又加了些骂街的话，真的很low。 你用的那些图都被司法证实了是剪辑出来的，还好意思拿出来，而且气急败坏骂街那样子大概跟图三一样吧  。 姐妹儿， 为个假货气成这样这就亏大发了。 ​, ,NBMVzkGh1,11,21,184,黄V认证, ,9,-1.33333333333333,81,3,3,16,.1875
4.98999158059947E+15,2024-01-14 07:56,月光寒影,https://weibo.com/1487342653?refer_flag=1001030103_,一位粉丝和我的问答记录，略做整理：粉：月影，你为什么说他捐赠就能复出？月：我从来没说过这种话。粉：但你强调捐赠和复出的关系，我并不认为两者之间有关系。月：捐赠公益可以为自己塑造形象，为复出奠定基础。肖某和霍某就是例子。粉：他的路只有一条，就是越来越强大，提高知名度，才有机会拿回清白。月：路只有一条，就是为社会做贡献。舞台价值在帼家看来没意义，帼家评判明星的价值是看他为社会做了多少贡献。粉：但捐赠了上面看不到，还是不能复出，为什么要捐？月：好好学习不一定能考上大学，但不学习肯定考不上。粉：如果捐赠被除名怎么办？月：很好，这样老百姓就会知道他既捐赠，又冤枉，花一次钱达到了双重效果。粉：主导因素是人报松口，罚院立岸，捐赠会起到推动作用，但绝不是你所说的主导因素。月：我从来没说过捐赠是主导因素。粉：那你为什么不强调人报和罚院这两个主导因素？只强调捐赠？月：因为人报和罚院不是他能控制的，他能控制的只有自己。粉：你这样说我就能听懂了，我知道为什么很多粉丝不支持你了，因为你一直在强调捐赠，但是你没有说在人报不松口，罚院不立岸的情况下，捐赠是他能做的最正确的事，我相信如果你能把那些前缀加上的话，很多粉丝也会理解你的意思的。月：谢谢。人与人之间的交流不受粉籍影响。粉：所以说其实聊通是一件不太容易的事，因为大家不会愿意站在另一个角度考虑事情，但是我觉得和你是可以聊通的，因为你比较理性，而且愿意和大家讨论，至于那些粉丝，你要相信，只要我和他们说这些话，他们会立马把我当成黑子。月：如果促进演员和社会双赢的人是黑子，那这种人越多越好。后续在这里：微博正文#霍尊复出# #霍尊复出了# 收起d, ,NBL5I2vWS,12,66,11,黄V认证, ,9,-.666666666666667,81,0,0,6,0
4.98983396363545E+15,2024-01-13 21:29,皮卡尊7号,https://weibo.com/6216718929?refer_flag=1001030103_,#霍尊复出#这个世界是怎么了，喜欢捧嫌疑人辱骂受害人，名誉权败诉的up不道歉，嫌疑人不退赃继续诋毁受害者，这确定不是某种鼓励？ ​,OPPO Reno5 K 5G,NBGZuffKi,15,23,151,黄V认证, ,9,-.6,81,1,1,15,.0666666666666666
4.98972615954016E+15,2024-01-13 14:21,雪松-刘雪松,https://weibo.com/5326045266?refer_flag=1001030103_,#霍尊复出##霍尊官宣沈阳春节戏曲晚会# 霍尊复出，为何支持者众这里我特别想强调一点，艺人的道德法律问题不是用来包容的，而是用法治来检验的。有些应该钉在社会的耻辱柱上不能复出，而像霍尊这样被小作文中伤的，就应该给他正名，请他复出。 L雪松-刘雪松的微博视频 ​,微博视频号,NBEbBE1PB,354,365,4352,黄V认证, ,5,3.89521100047416,25,33,33,265,.124528301886792
4.98967442699401E+15,2024-01-13 10:55,昕飞扬1996,https://weibo.com/1272214722?refer_flag=1001030103_,飞扬昕语超话#霍尊复出# 近日有网传消息称，霍尊将复出参加沈阳戏曲春节晚会，演唱歌曲《卷珠帘》，消息待确认。此前因与前女友的情感风波，他在2021年8月宣布告别演艺圈。 #霍尊官宣沈阳春节戏曲晚会# ​从之前披露的情况看，霍尊没什么大问题。至于和三五好友私下说些不着调的话，这真算不得什么事儿，谁私下说话不都有没正形儿的时候。他之前好像也不是被封杀，是他自己为了避风头宣布退圈的。现在回来没啥问题吧，卷珠帘唱的确实好。倒是对他进行敲诈勒索、写小作文造谣中伤的那个前女友和她那个狼狈为奸的闺蜜咋处理了？没判刑吗？ 收起d,飞扬昕语超话,NBCQatlsB,108,51,341,黄V认证, ,9,-.201923076923077,81,0,0,21,0
4.98966029874264E+15,2024-01-13 09:59,丁香美美,https://weibo.com/5179719710?refer_flag=1001030103_,#霍尊复出# 现在还有人在拿虚假小作文对霍尊进行造谣诽谤，在这里澄清几点：1、 最先剪接编辑拼凑群聊、造谣爆出个人隐私，并且敲诈勒索的始作俑者已经被警方抓获，现在正在走法律程序，2、传播谣言侵害霍尊名誉权最厉害的两个营销号三鹿和老邪也已经被判败诉并且要求公开道歉，霍尊名誉权维权胜诉，3、小作文里所有对霍尊指控都是假的，子虚乌有，霍尊是清白的，4、明星也是公民，公民享有名誉权，如果继续侮辱诽谤霍尊，决不姑息，那就等着收法院传票！#霍尊#赫兹发电站超话 收起d,iPhone客户端,NBCtnAGmi,18,15,102,黄V认证, ,4.85714285714286,2.33333333333333,23.5918367346939,4,4,14,.285714285714286
4.98965264597025E+15,2024-01-13 09:29,霍美衡的小圆脸,https://weibo.com/7510990475?refer_flag=1001030103_,#霍尊复出# 看到现在还有人在拿虚假小作文对霍尊造谣辱骂。给你们指路一个词条#霍尊起诉两名博主名誉权侵权案胜诉# ，好好看看，曾经这些人借着陈某的虚假小作文对受害者百般辱骂，现在法律维护了受害者的权利。“编造、传播不实信息并以此为武器，污蔑、羞辱他人人格、侵犯他人合法权益的人，都将难逃法律的制裁。”——这句话送给造谣辱骂的黑账号，记住，网络不是法外之地 收起d, ,NBCh2p38o,53,57,297,黄V认证, ,4.45454545454545,1.2,19.8429752066116,11,11,54,.203703703703704
4.98964338730636E+15,2024-01-13 08:52,霍美衡的小圆脸,https://weibo.com/7510990475?refer_flag=1001030103_,#霍尊复出#这个词条7：40闪现在热搜榜上，短短十几分钟，没有什么讨论量的情况下，在8：00飞快的跑到了热搜第一。词条里有骂他的博文，点开账号一看主页，基本上都是黑明星专业户账号。反而是音乐人、乐评人、歌迷都表达了对霍尊的盼望和期待，虽然霍尊和他公司没有官宣，但是不管怎么说，像图中这样的乐评人和歌迷对霍尊的期待都证明了他的才华和能力 收起d, ,NBC26uEIx,80,123,742,黄V认证, ,3.66666666666667,.692857142857143,13.4444444444444,11,11,97,.11340206185567
4.9896337503717E+15,2024-01-13 08:14,ll雪雪Christina,https://weibo.com/2023071635?refer_flag=1001030103_,#霍尊复出#这大概是霍尊因为小作文事件被迫短暂退圈后的第一个舞台吧，官司胜诉了，作为一个有才华的歌手，他确实应该继续站在舞台上被大家看见。燕遇梨园是这样写的沈阳籍著名青年歌手霍尊霍尊和《卷珠帘》是沈阳厚重历史缩影的映射而沈阳又是霍尊与《卷珠帘》之源流卷帘之后是霍尊，世上无双卷帘之后是沈阳，古意悠长卷帘之后更是“乡情乡音”，实难割舍 收起d,iPhone 14,NBBMz1yHe,52,148,845,橙V认证, ,5,7.39041095890411,25,3,3,83,.036144578313253
4.902660044752E+15,2023-05-18 08:11,扒圈客,https://weibo.com/2545226175?refer_flag=1001030103_,扒圈客超话#霍尊父亲称儿子结婚时间将近#有人说， 复出三部曲：被拍恋情曝光、官宣、爹妈回应。也不知道他会不会 ​,扒圈客超话,N17cojWd5,26,27,38,黄V认证, ,0,0,0,3,3,23,.130434782608696
4.90244835770857E+15,2023-05-17 18:10,zhubajie的老婆,https://weibo.com/7716205957?refer_flag=1001030103_,被陈露污名化的“琵琶精”！麻烦吃瓜的来了解真相，他在14年演唱会就已经提起“琵琶精”，毫无任何侮辱贬低之意！之前微信里的提到的“笛子精”是男的！！！#霍尊想拉黑火风##霍尊父亲称儿子结婚时间将近# Lzhubajie的老婆的微博视频 ​,微博视频号,N11GXwllM,30,35,290,橙V认证, ,9,-1.07954545454545,81,4,4,19,.210526315789474
4.90242697488183E+15,2023-05-17 16:45,热门话题探究,https://weibo.com/2460723584?refer_flag=1001030103_,#霍尊父亲称儿子结婚时间将近# 霍尊大大方方开麦真好，人家正主都没意见，不相干的旁人有啥资格指指点点，鞋子合不合适脚知道，人家在最低谷都没分手，就是对霍尊最大的肯定和信任！ ​,微博网页版,N118tktZ8,24,38,258,黄V认证, ,5,10.7692307692308,25,4,4,28,.142857142857143
4.902426903057E+15,2023-05-17 16:45,热播电影杂谈君,https://weibo.com/1232180325?refer_flag=1001030103_,#霍尊父亲称儿子结婚时间将近#是男人就敢说敢当，说了退出演艺圈就退出，霸气 ​,微博网页版,N118mcPgs,18,22,16,黄V认证, ,3,2.85,9,3,3,19,.157894736842105
4.9024267898067E+15,2023-05-17 16:44,电影影视评论员,https://weibo.com/1660193777?refer_flag=1001030103_,#霍尊父亲称儿子结婚时间将近#霍尊表示自己父亲接受采访，没有通知自己，有想拉黑自己父亲的冲动，随即希望大家消停，要回归小生活 ​,微博网页版,N118aF9aA,20,21,18,黄V认证, ,3,2.235,9,5,5,17,.294117647058823
4.90242668599843E+15,2023-05-17 16:44,娱乐观察站,https://weibo.com/1659775307?refer_flag=1001030103_,#霍尊父亲称儿子结婚时间将近#祝福吧，分手很正常，再谈也很正常，不正常的是分手不甘心，写小作文爆前男友前女友隐私，太没品了 ​,微博网页版,N1180pasN,48,43,200,黄V认证, ,9,1.45098039215686,81,3,3,37,.081081081081081
4.90242661076297E+15,2023-05-17 16:44,圈内姐姐,https://weibo.com/2684951183?refer_flag=1001030103_,#霍尊父亲称儿子结婚时间将近#无人在意，退圈了就别再出现在大众眼前了OK？更好笑的是霍尊还有粉丝，还大多是女生喜欢他什么？ ​,微博网页版,N117T3ctX,19,28,31,黄V认证, ,5,2.1,25,1,1,21,.0476190476190476
4.90242648388803E+15,2023-05-17 16:43,娱扒光,https://weibo.com/1659928803?refer_flag=1001030103_,#霍尊父亲称儿子结婚时间将近#直接说火风不行吗，父子俩的形象反差挺大。 ​,微博网页版,N117Ggjsb,16,21,24,黄V认证, ,9,-.283333333333333,81,3,3,17,.176470588235294
4.90242642097229E+15,2023-05-17 16:43,圈姐扒娱,https://weibo.com/1677946681?refer_flag=1001030103_,#霍尊父亲称儿子结婚时间将近#看到好多人都在骂，还有说他已经退圈了，他咋了 ​,微博网页版,N117A44W2,22,25,22,黄V认证, ,0,.605769230769231,0,4,4,21,.19047619047619
4.90242635805526E+15,2023-05-17 16:43,扒圈客,https://weibo.com/2545226175?refer_flag=1001030103_,#霍尊父亲称儿子结婚时间将近#哪都有您嘞…还是带着您那口嗨的傻大儿退圈吧…华语乐坛不需要口嗨王… ​,微博网页版,N117txNxB,34,45,82,黄V认证, ,9,-.657894736842105,81,1,1,25,.04
4.90242612842191E+15,2023-05-17 16:42,圈内娱叔,https://weibo.com/1677542884?refer_flag=1001030103_,#霍尊父亲称儿子结婚时间将近#好好好，大家都认为是陈某的问题是吧是吧，还恶意剪辑就这么认为霍尊是乖宝宝是吧 ​,微博网页版,N1176zkVb,19,22,22,黄V认证, ,5,7.36842105263158,25,2,2,20,.1
4.90242606838665E+15,2023-05-17 16:42,山海童子,https://weibo.com/6081118494?refer_flag=1001030103_,总结一下霍陈之间的恋爱：霍尊以前提过分手（那个时候两个都二十几还年轻），霍尊一提分手她就闹，于是霍尊就放弃分手了。等霍尊打算结婚了（聊天记录里有说觉得以后结婚了也许就好了，陈女士提分手前霍尊不止一次对粉丝暗示过，很多老粉已经有了心理准备），她自己把人甩了谈了新的男朋友，等霍尊谈了新女友她又跟新男友掰了跑回来要复合，霍尊不肯甩了新女友也拿不出她要敲诈的钱，她就写小作文说人家辜负她青春顺带造谣（包括污蔑霍尊的现女友）两个人三观不合，在一起没有爱情是很正常的事情，陈女士不肯分的时候他也打算对她负责，霍尊也没在和陈女士谈恋爱期间p腿，他到底渣哪里了？她自己提了分手有了新对象，新对象掰了又跑回来求复合，霍尊就得听她的把现女友踢了和她在一起？有病吧！#霍尊父亲称儿子结婚时间将近##霍尊想拉黑火风# 收起d,HUAWEI Mate 30 5G,N1170zbKA,30,64,435,黄V认证, ,9,-.21195652173913,81,15,15,39,.384615384615385
4.90242604007453E+15,2023-05-17 16:41,圈内皇叔,https://weibo.com/2849788934?refer_flag=1001030103_,#霍尊父亲称儿子结婚时间将近# 这位怎么要复出了吗？ 很多人可能还不知道，外表文雅的古风歌手霍尊，他的父亲是唱《大花轿》的大胡子歌手火风！ ​,微博网页版,N116Y0jo8,17,22,40,黄V认证, ,7,1.25,49,4,4,20,.2
4.9024259055947E+15,2023-05-17 16:41,娱乐圈探班,https://weibo.com/1312419972?refer_flag=1001030103_,#霍尊父亲称儿子结婚时间将近#看着你们也很幸福，你也很为女方考虑，懂得尊重别人也是在尊重自己 ​,微博网页版,N116Kntr1,22,26,29,黄V认证, ,5,6.5,25,0,0,13,0
4.90241559966738E+15,2023-05-17 16:00,霍美衡的小圆脸,https://weibo.com/7510990475?refer_flag=1001030103_,#霍尊父亲称儿子结婚时间将近#话题下边说聊天记录的，麻烦睁大眼睛好好看看事实！陈露编凑聊天记录，是为了敲诈勒索，并不是事实！例如： 琵琶精并没有侮辱的含义，而是对精通乐器之人的称呼！#霍尊官宣与施冰岚恋情# ​, ,N10Q7EyVy,47,72,444,黄V认证, ,9,-1.96428571428571,81,9,9,55,.163636363636364
4.90239849975153E+15,2023-05-17 14:52,霍美衡的小圆脸,https://weibo.com/7510990475?refer_flag=1001030103_,#霍尊父亲称儿子结婚时间将近##霍尊# 霍尊官宣后的催婚大军，来自营销号、娱记、网友，外加逃不过的老爸第一天官宣，第二天催婚，这样的催婚大军，搁谁谁能顶得住营销号们消停一点吧，让这对患难小情侣好好过他们自己的小日子吧 ​, ,N10oxEUOJ,28,70,448,黄V认证, ,3,.793650793650793,9,7,7,50,.14
4.90239727553771E+15,2023-05-17 14:47,瑶妹爱追星,https://weibo.com/3446278972?refer_flag=1001030103_,#霍尊父亲称儿子结婚时间将近# 狗仔拍到霍尊和女朋友现身机场的事情后，又跑去问你霍尊父亲，霍尊父亲直接透露说霍尊的结婚时间将近了，这算是找到伴侣了！但是霍尊又发微博解释了，并没有求婚，只是父母催婚的意思！还透露一定再见，看来是准备复出娱乐圈的意思了！ ​, ,N10mzneBR,111,135,151,黄V认证, ,6,1.71428571428571,36,0,0,12,0
4.90239412928752E+15,2023-05-17 14:35,是芷甯啊,https://weibo.com/7742791825?refer_flag=1001030103_,一些整理和澄清：火风老师和霍尊在参加2013年辽视春晚演出时演唱了《爷们儿干杯》，而2013年的春节是2013年2月10日。众所周知，霍尊在他的退圈文里曾叙述到，他和其前女友陈露正式确定恋爱关系是在2013年5月。图1是他们恋爱期间在微博评论区的互动（霍尊微博主页他的赞使劲往下翻还能翻到他当年点赞陈露的微博，如图2），霍尊的家人朋友以及很多粉丝都知道他们的关系，霍尊从来没有隐瞒过。且在他俩正式确定恋爱关系时霍尊已经上过辽视春晚，小有名气。霍和陈恋爱期间霍零花钱礼物不断，并没有陈小作文里说的“霍花了她300W”，如图3。2020年9月23日，陈露给霍尊发了分手小作文，如图4，然后把霍尊拉黑，并给霍尊母亲打了电话，告诉她她和霍尊分手了。施冰岚2020年8月22日留学回国，并因疫情防控进行了隔离，如图5。2020年10月10日，霍尊施冰岚因节目认识加好友，如图6，俩人正式确定恋爱关系日期更要往后。（PS：国乐大典里面施冰岚是被霍尊淘汰的）陈露在与霍尊分手后也重新找了新男友，并带着自己的新男友参加了自己的生日派对，如图7。2021年5月13日，陈露拿着事先准备好的“黑料”找上霍尊敲 诈，如图8。#霍尊父亲称儿子结婚时间将近# 收起d, ,N10huCY6E,60,46,336,黄V认证, ,7.85714285714286,1.43188405797101,61.734693877551,6,6,38,.157894736842105
4.90239178834158E+15,2023-05-17 14:25,剧综学姐,https://weibo.com/1911213321?refer_flag=1001030103_,#霍尊父亲称儿子结婚时间将近#火风回应“霍尊新恋情”，表示全家都对施冰岚非常满意，还透露两人将准备结婚！！女友在霍尊处于人生低谷时选择不离不弃，一直在身旁陪伴，如今又获得男友家人的认可，看见确实挺优秀的 ​, ,N10dIz01x,50,50,62,橙V认证, ,4.42857142857143,4.646,19.6122448979592,0, , , 
4.9799992146718E+15,2023-12-17 18:09,娱评人吴清功,https://weibo.com/1195942637?refer_flag=1001030103_,霍尊胜诉后恢复演出，前女友涉嫌敲诈#娱评人吴清功##霍尊胜诉##知情人称霍尊已在逐渐开展演出# L娱评人吴清功的微博视频 ​,微博视频号,Nxz8ZjBlA,11,21,251,红V认证, ,9,-1.27272727272727,81,0,0,14,0
4.97970155251799E+15,2023-12-16 22:27,霍美衡的小圆脸,https://weibo.com/7510990475?refer_flag=1001030103_,#陈露因涉嫌敲诈勒索被采取刑事强制措施# 众所周知，取保候审为防止犯罪嫌疑人逃避侦查、起诉和审判，要求其保证随传随到，未经执行机关批准不得离开所居住的市、县。可这位陈露女士在取保候审期间堂而皇之的离开上海到了山东，拍了照片，发了定位为南开大学的微博，然后悄悄的设置了“仅自己可见”。等今日#霍尊胜诉# 热搜之时，将博文编辑为“公开可见”。@上海检察 @警民直通车-上海 @警民直通车-徐汇站 请问陈露女士处于取保候审阶段，离开居住地经执行机关批准了吗？请问执行机关，陈露女士在霍尊名誉权案子胜诉时发此微博，其挑衅的是什么？是不是在向公众宣布自己有所依仗，所以可以无视法律规定？ 收起d, ,NxroTaz2K,233,279,2653,黄V认证, ,9,-1.52233632862644,81,29,29,177,.163841807909605
4.97969153861297E+15,2023-12-16 21:47,汪秀华_,https://weibo.com/6193203780?refer_flag=1001030103_,#霍尊 陈露#所以网络真的可以凭一篇虚假编造的小作文，可以毁了一个公众人物，更别说普通的你我了。而网友只负责吃瓜🍉，他们根本不在乎真相。这就是网络时代的悲哀，信息碎片化。庆幸的是法律终于给出我们答案#霍尊胜诉##知情人称霍尊已逐渐开展演出#  L汪秀华小娱的微博视频 ​,微博视频号,Nxr8JA8CO,26,26,251,红V认证, ,4.33333333333333,1.82539682539683,18.7777777777778,5,5,23,.217391304347826
4.97969024074494E+15,2023-12-16 21:42,醉红唇_,https://weibo.com/5400501139?refer_flag=1001030103_,#霍尊 陈露#在整理自己微博关于尊尊的事件真相的视频，发现这个上海小姐姐对于案件的分析。难道我们每个分手意难平的人，都去敲诈勒索前任吗？#霍尊胜诉# L汪秀华_的微博视频 ​,尊嘟超爱你,Nxr6E37N8,14,17,92,红V认证, ,7,1.41666666666667,49,5,5,17,.294117647058823
4.97968931432405E+15,2023-12-16 21:38,醉红唇_,https://weibo.com/5400501139?refer_flag=1001030103_,#霍尊 陈露#当初真的是岚姐撕开霍尊事件的一个口子。网络上不在是一边倒的声音在讨伐霍尊。第一个揭秘真相，而且至今在接受网暴。有时真的不容易 ，对公众人物的真实客观的评价，输出正确的价值观也会遭受网暴？小作文的力量太可怕了，太深入人心了#霍尊胜诉# L汪秀华_的微博视频 ​,尊嘟超爱你,Nxr59i8SM,19,23,141,红V认证, ,4.6,.94017094017094,21.16,7,7,22,.318181818181818
4.97968894417539E+15,2023-12-16 21:37,霍美衡的小圆脸,https://weibo.com/7510990475?refer_flag=1001030103_,#霍尊 陈露# 这位陈露女士分别于今年7月5日、7月10日、8月15日、9月23日发了这四条仅自己可见的博文，在今日#霍尊胜诉# 热搜之后却将这四个博文从“仅自己可见”编辑为“公开可见”。陈露因涉嫌敲诈勒索被采取刑事强制措施，我们可都没忘记现在她依然处于取保候审阶段，那么这位犯罪嫌疑人早在5个月前就开始部署这些微博意欲为何？回看整个事件，我们知道的情况有：1.陈露敲诈勒索既遂65万，属于数额特别巨大。2.陈露敲诈勒索时与受害人已分手八个月，称受害人为“前男友”，当时两人已不是恋爱关系。3.陈露被取保候审后不思悔改，在小🍠上点赞辱骂受害人的评论，无认罪、悔罪，无退zang、退pei。4.霍尊在与陈露恋爱期间无任何不良行为，受害人在本起敲诈勒索案里无任何过错。5.陈露在网络上散播虚假信息，使用“小作文”掀起舆论，属于极端行为，对受害人造成的伤害大，造成的社会影响恶劣。回看以往，再看陈露今日所为及其支持者的言论，我们不难看出，其对司法尊严的挑衅意味，可谓一目了然。我们都在等着，看这位犯罪嫌疑人将何去何从。 收起d, ,Nxr4yhwd3,98,174,316,黄V认证, ,9,-.741379310344828,81,22,22,129,.170542635658915
4.97968698386252E+15,2023-12-16 21:29,SmilingCat666,https://weibo.com/2213009707?refer_flag=1001030103_,#霍尊 陈露#今天#霍尊胜诉# 才上热搜，水军又开始造谣了是吗？@微博管理员 ​,小米10S,Nxr1ogcOH,11,12,37,黄V认证, ,9,-.666666666666667,81,2,2,6,.333333333333333
4.97968677650831E+15,2023-12-16 21:28,汪秀华_,https://weibo.com/6193203780?refer_flag=1001030103_,#霍尊 陈露#看看法律博主对待这起事件的具体分析吧？希望随着霍尊的胜诉，网络上不要再有造谣的声音#霍尊胜诉# L汪秀华76的微博视频 ​,微博视频号,Nxr13rj6J,21,28,202,红V认证, ,5,.333333333333333,25,8,8,25,.32
4.97967994346189E+15,2023-12-16 21:01,ChristopherWu大哥大,https://weibo.com/7028044556?refer_flag=1001030103_,#霍尊胜诉#哇哦！沉冤得雪，听一个《恰好》庆祝庆祝！霍尊这个嗓子真的绝了，无人替代！心机女退下#霍尊 陈露# L吴宇恒的大哥大的微博视频 ​,微博视频号,NxqQ2ewAW,45,116,1698,红V认证, ,6,2,36,12,12,72,.166666666666667
4.97962798652059E+15,2023-12-16 17:34,子午侠士,https://weibo.com/5067914848?refer_flag=1001030103_,据悉，霍尊被前女友陈某敲诈勒索一案，也很快会有结果。有人说迟到的正义，不算正义，有道理。霍尊的演艺事业，被一篇小作文整整毁掉了三年，人生有多少三年?我很少介入娱乐圈、名利场那些破事，唯独在朱军案和霍尊这个事上发过声，为什么呢，因为我实在看不惯小作文泛滥，女拳肆虐，祸害这个社会。事实证明，我支持朱军，支持霍尊，支持对了。今天消息传来，名誉权侵权案#霍尊胜诉#，翻看了一下我自己此前支持霍尊的那些帖子，感觉挺有意思，挑出几篇挂出来，供大家参考。 收起d,微博仅供参考,NxpuermiO,150,188,1716,红V认证, ,4.53846153846154,2.22546230440967,20.5976331360947,22,22,149,.147651006711409
4.97962489138474E+15,2023-12-16 17:22,皮卡尊7号,https://weibo.com/6216718929?refer_flag=1001030103_,#霍尊胜诉# 陈露@陈露_DewLu 你真会歪曲事实，明明是群友在问两个选手，你却在一旁标注是p友，是蔑称你明明认识“笛子精”，并邀请他去参加你的生日会，敲诈到手后还给他的女友分赃两万！怎么在图三里，笛子精先生成了一个女性？还被您判出群聊了？您侮辱笛子精先生，出于嫉妒和敲诈造乐手黄谣，就没有一丝丝愧疚吗！也不觉得您会道歉了 收起d,OPPO Reno5 K 5G,Nxppf5Oex,11,23,134,黄V认证, ,0,-1.80555555555556,0,4,4,13,.307692307692308
4.97961184080882E+15,2023-12-16 16:30,霍美衡的小圆脸,https://weibo.com/7510990475?refer_flag=1001030103_,#霍尊胜诉##霍尊起诉两名博主名誉权侵权案胜诉# 请这位看清楚！“三代鹿人”曾道歉说自己不应该轻信未经证实的讯息！法院认定了“正经的老邪”存在多出内容失实！我们可以看看这些侵权博主，他们作为网红大V，轻信虚假小作文，对受害者造成的伤害不可估量，他们的视频因为传播广对关注者的误导很难消弭！作为网红大v更应该对全社会承担道义和责任，努力推动网络文明建设良性发展，而不是成为污染网络环境的源头！！！现在还有人说风凉话，对受害人冷嘲热讽，这是人干事？？？ 收起d, ,Nxp4c3opq,60,67,423,黄V认证, ,3.58823529411765,.398293029871977,12.8754325259516,7,7,56,.125
4.97961000134648E+15,2023-12-16 16:23,山海童子,https://weibo.com/6081118494?refer_flag=1001030103_,关于为什么是“名誉侵权”而不是“诽谤”诉讼。“被告视频及评论存在多处内容失实，随意进行夸张性描述的情形，并由事及人，贬低原告的人品，其视频及微博内容整体不具客观性，不属于对公众人物进行监督和批评的正当评论，其目的为贬损原告的名誉，对原告的人品进行否定性评价。”看清楚了，判决书上写的“内容失实”“不具客观性”，广场上一群闭眼法盲还在嘴硬什么是“名誉侵权不是诽谤”。劳烦各位去了解一下告诽谤的要求有多苛刻，要求诽谤行为的“危害程度”达到一个非常的标准才行。明星艺人等公众人物在这方面的要求就更为苛刻，就算被人造谣污蔑了，往往也很难通过告“诽谤”获得胜诉，所以公众人物往往选择“名誉侵权”诉讼，而名誉侵权里面也包含了“不实信息造谣”的内容。#霍尊胜诉# 收起d,HUAWEI Mate 30 5G,Nxp1e5Ehq,48,54,243,黄V认证, ,4.84210526315789,.807692307692308,23.4459833795014,9,9,42,.214285714285714
4.97960869848974E+15,2023-12-16 16:18,汀楑,https://weibo.com/6286300738?refer_flag=1001030103_,#霍尊起诉两名博主名誉权侵权案胜诉##霍尊胜诉# 保护个人权益用法律法规合法维权，维权有理，让造谣污蔑的都绳之以法！网红大V的言论因为传播广对受害者的伤害不可估量，因为传播广对关注者的误导很难消弭。作为网红大v更应该对全社会承担道义和责任，努力推动网络文明建设良性发展，而不是成为污染网络环境的源头 收起d, ,NxoZ7zCzg,20,34,172,黄V认证, ,3.8,3.64,14.44,1,1,12,.0833333333333333
4.97960320080673E+15,2023-12-16 15:56,子午侠士,https://weibo.com/5067914848?refer_flag=1001030103_,【#霍尊起诉两名博主名誉权侵权案胜诉#，#知情人称霍尊已逐渐开展演出#】 据红星新闻：有两名博主被霍尊提起名誉权侵权诉讼案件开庭，目前两起诉讼均已判决，法院认定确为侵权。12月16日，知情人告诉红星新闻记者，霍尊已经在逐渐开展演出。霍尊的代理律师上海华夏汇鸿律师事务所律师计时俊告诉红星新闻记者，就霍尊名誉权相关纠纷，霍尊一方一次性起诉2到5人，多为各大平台的博主。本次已判决的两个案件为2023年1月立案，2023年7月也提交了一批名誉权纠纷诉讼，未来还会关注名誉权侵权纠纷情况。#霍尊胜诉#（来源：红星新闻） 收起d,微博仅供参考,NxoQg3nRO,65,104,772,红V认证, ,5.36363636363636,3.30803571428571,28.7685950413223,18,18,78,.230769230769231
